student_id,timestamp,course_name,enrollment_status,grade_point_average,attendance_rate,scholarship_percent
ad7f85b6-9ef0-45ed-911e-af865c271d82,2026-01-07T05:42:06.769151,Administração,SUSPENDED,1.0,81,0
676e4dbb-6de3-4cc7-8f4d-e784bf777287,2026-02-25T16:26:56.865616,Ciência de Dados,DROPPED,7.4,95,0
925ac2cb-a22d-4e6e-8c06-90b7a973faca,2026-01-11T06:42:47.911599,Ciência de Dados,DROPPED,9.6,73,0
976c9321-1474-4249-a47b-1e70773a6817,2026-03-21T21:15:37.840735,Engenharia de Software,DROPPED,7.7,61,25
c273b7bb-2457-422f-a185-d20673cd3ae8,2026-01-10T17:36:51.102012,Ciência de Dados,ACTIVE,5.4,66,0
d2309d40-41b8-47d6-b3f4-359614192d28,2026-02-19T22:46:30.141103,Administração,DROPPED,8.1,85,25
85fe8419-ad76-4522-b63b-a462084a42b8,2026-03-22T12:21:22.418467,Direito,SUSPENDED,4.7,69,0
22be32d4-5349-45a6-b839-432e3df5ef61,2026-03-14T18:19:54.329510,Ciência de Dados,SUSPENDED,7.9,54,50
72287f0e-3ab3-44d3-bf7a-b64e3ce76662,2026-02-23T10:31:48.935942,Administração,SUSPENDED,5.8,77,50
966a9cd6-5421-4a0b-8dcc-a5905dbe60ad,2026-02-26T07:44:56.945711,Ciência de Dados,SUSPENDED,5.9,85,50
03179dfc-9f23-42aa-ae04-4c15d7292341,2026-03-06T10:30:58.112139,Administração,GRADUATED,4.6,63,50
8432ee88-c14f-421c-87c6-6812092edafb,2026-02-02T08:23:59.322339,Administração,SUSPENDED,9.8,63,0
e9630607-0cc6-4fbd-86b3-350eac4647f1,2026-02-17T09:06:54.531150,Ciência de Dados,GRADUATED,3.7,61,50
b4609ceb-bb92-48d8-8d54-7e1cfffa6bfc,2026-02-15T22:17:50.098732,Direito,DROPPED,0.6,96,100
61904109-1790-4166-9480-9fca874acbf0,2026-01-12T05:08:38.813936,Engenharia de Software,DROPPED,4.9,78,25
a569a5a3-97c9-47a1-8e31-d0ad43281d82,2026-02-22T19:32:56.326922,Administração,DROPPED,3.5,88,25
c7ebe11d-756b-46e7-95bf-3595c41d70ca,2026-02-07T21:30:54.403846,Administração,SUSPENDED,4.7,55,25
b4531467-29d2-49a5-a179-429b36014799,2026-01-10T20:55:16.849433,Direito,SUSPENDED,1.0,60,0
89c0854b-fb29-4700-98dd-0a27c97d80c0,2026-02-08T09:33:34.689838,Ciência de Dados,DROPPED,5.8,98,100
392610f5-f838-4e47-8565-8596fe2fed06,2026-03-08T07:40:08.173932,Ciência de Dados,SUSPENDED,3.9,81,25
f7e5391f-6d16-4aed-897e-8546bc30515d,2026-01-27T02:16:44.112039,Engenharia de Software,ACTIVE,6.3,84,50
081ed77e-7c02-4253-a840-701428b27fb6,2026-02-20T00:14:22.726022,Ciência de Dados,ACTIVE,9.9,61,100
c468925a-2ca9-4463-be6e-5ae7e242d7dc,2026-02-13T12:50:20.987003,Direito,ACTIVE,2.4,61,0
f1f9a645-ed1a-47ff-88c4-76df995ffaed,2026-03-11T19:16:23.013286,Engenharia de Software,SUSPENDED,4.0,60,50
93644c77-8aa4-4903-b367-244e6db6e4ca,2026-03-24T14:31:06.095376,Engenharia de Software,GRADUATED,1.8,79,0
2a354903-a815-4983-b886-9020ceb5cb24,2026-01-26T21:36:26.263010,Administração,DROPPED,3.5,64,0
59457ca2-82f3-416f-8de2-897714e94d1e,2026-01-16T14:32:39.917848,Administração,SUSPENDED,10.0,87,100
4a987aae-a027-49f8-a92a-5db37cc55592,2026-02-11T02:29:24.646709,Administração,DROPPED,1.3,57,100
46cd7844-1ec1-4497-afd6-245312460c0a,2026-01-18T03:26:19.552070,Administração,ACTIVE,6.9,53,50
7ff23973-b438-4f0d-89d7-b778e943a93b,2026-01-29T18:31:19.964011,Administração,ACTIVE,1.7,67,100
b8f01ff3-a701-4926-9f8b-e27c3d71f10e,2026-03-11T04:13:49.027437,Engenharia de Software,SUSPENDED,5.6,54,100
64672c4b-10e9-4ac4-8a2b-21716086ec3d,2026-03-19T09:39:08.752650,Direito,GRADUATED,6.8,90,50
ef0b820a-82c5-49bf-a451-a3b4edd4e2d3,2026-03-05T20:23:24.039786,Engenharia de Software,DROPPED,4.9,83,25
5f54691b-aad8-4da3-80fc-6980ecb97074,2026-03-28T18:20:20.593866,Direito,GRADUATED,0.3,81,0
dd6f2765-df02-47e9-b88f-2e78d909f6ad,2026-02-02T11:35:51.038335,Direito,SUSPENDED,3.3,60,50
3110b3bc-cc26-4023-aaa6-ec120f320b7b,2026-03-07T15:22:39.915598,Administração,GRADUATED,9.1,87,25
b9640d43-7190-40b2-8de1-e3df6ef63d44,2026-03-30T11:50:06.086554,Ciência de Dados,ACTIVE,0.3,77,0
11534f27-80e7-4a22-9fd1-171dc0e08db4,2026-01-24T18:47:01.784133,Administração,ACTIVE,7.1,96,0
f7961b62-2bdf-4921-9fd8-ff130474ac31,2026-03-28T23:48:56.993762,Engenharia de Software,DROPPED,7.6,68,0
7640f6ae-d59f-4d18-964a-e0b70df57bd4,2026-02-15T14:07:38.888990,Ciência de Dados,GRADUATED,6.4,92,50
d3f813dc-1925-4ed7-b343-b863b5c80de8,2026-01-03T21:49:08.995425,Direito,GRADUATED,4.2,91,25
1a4363e0-4466-4466-9bef-3e784305e670,2026-02-13T04:30:08.840496,Ciência de Dados,SUSPENDED,1.1,67,0
c21848d7-3b4e-4fd4-b7f9-d031f16aefce,2026-01-12T13:57:12.314552,Administração,ACTIVE,6.5,51,25
c3910c7b-3453-46da-aab8-75c4c0385981,2026-02-05T13:01:25.216765,Engenharia de Software,ACTIVE,9.2,73,50
77015cc1-8231-40ca-8d67-e7eb60a6aa26,2026-01-31T20:57:04.855159,Administração,ACTIVE,8.1,63,25
0ac7d1b9-0db4-477d-b7e1-b08ba236fa99,2026-02-13T19:02:52.521138,Engenharia de Software,SUSPENDED,3.9,71,0
55265211-59e7-480c-9bcf-f94cc9296015,2026-01-26T07:24:58.990722,Direito,DROPPED,7.4,81,25
2e9571ed-0fd7-44e6-a487-74ed6adbdc85,2026-03-06T03:17:55.201423,Engenharia de Software,SUSPENDED,9.4,63,0
6da7e45d-65cf-4849-b106-41f351aa37f8,2026-01-13T04:03:25.023820,Administração,DROPPED,3.1,67,50
d4b6b966-6c37-4a53-a1be-4fd69561fb4a,2026-03-22T02:04:13.326662,Ciência de Dados,SUSPENDED,7.1,74,25
c14a178c-3e08-4c6f-8d11-02de7e734ede,2026-02-12T12:25:04.661757,Direito,ACTIVE,4.7,52,25
34f27991-3b99-444e-81a0-4cade786cda7,2026-03-19T05:29:17.553481,Direito,DROPPED,4.4,73,50
f14512a4-e14d-481c-a1f2-369a1b196dbf,2026-02-05T18:26:16.813046,Ciência de Dados,SUSPENDED,7.8,78,0
1d523ddd-a1d2-43a3-a996-f5c73fcbd2a4,2026-03-30T09:00:56.424795,Administração,DROPPED,5.6,100,50
3dde45e5-ac12-41ca-8217-4a681322bd10,2026-03-22T09:21:14.717852,Direito,ACTIVE,6.1,83,100
71423349-f942-4e1e-be86-0c1fcd57001b,2026-03-24T01:06:05.042167,Engenharia de Software,DROPPED,3.8,93,0
9bf898e6-b017-421f-bc03-2b960262d643,2026-01-12T12:11:17.523970,Direito,GRADUATED,8.7,98,50
23a1e478-cd21-467c-a1b6-de4f99f0b3f6,2026-01-11T12:05:51.145404,Direito,GRADUATED,2.1,68,100
d9b592b1-de6b-4df5-b0f4-a620e567a936,2026-03-27T18:19:11.229329,Administração,SUSPENDED,0.4,77,0
d9fce834-29a5-45f0-afc9-1325f030e477,2026-02-23T05:43:11.938606,Engenharia de Software,DROPPED,4.2,95,25
ae6ad26c-59e2-40d4-b08e-c9004b3773c7,2026-02-28T22:23:26.170480,Administração,SUSPENDED,4.5,69,25
78eede19-d53a-4816-9845-a8f5f48d60ff,2026-02-07T19:42:22.985047,Administração,GRADUATED,3.8,79,100
5ce1eb44-5bc7-44a0-829a-5a056803a116,2026-03-03T11:51:03.463510,Administração,DROPPED,8.0,89,0
22d7fb9e-9fcf-42a6-b3d6-f2162eaeadb3,2026-01-21T05:40:36.724345,Direito,GRADUATED,3.1,59,0
8b447702-5f50-4582-9c9f-a64247cfa434,2026-01-12T08:23:09.395085,Ciência de Dados,SUSPENDED,9.0,72,50
c51763bc-c9a4-4af9-b01d-9e217c7fae18,2026-02-23T09:26:26.817742,Direito,ACTIVE,0.4,56,0
1e7a98f3-b09a-4707-ad0c-e4039e388136,2026-03-30T10:02:46.615517,Administração,DROPPED,0.9,83,0
25449aa5-66df-417e-89da-8540d6c1e743,2026-03-03T06:30:25.076860,Direito,SUSPENDED,7.9,79,50
d6b7ba50-f856-42f6-933d-056661e17744,2026-03-25T10:14:35.143309,Administração,ACTIVE,1.2,75,50
399a815c-7e62-49a8-991e-377640e0e6f9,2026-03-09T21:39:26.507430,Administração,SUSPENDED,2.6,68,0
cc6886e2-fa4f-47af-8f7c-7afe9cea552c,2026-03-22T09:39:07.754694,Ciência de Dados,GRADUATED,3.8,100,50
9b1b6095-b045-40e6-a70a-039b9b98993a,2026-03-23T16:05:30.696926,Administração,ACTIVE,0.6,72,100
b49d8df9-8969-46c5-b4dc-0b8abeabf424,2026-01-09T17:40:42.977953,Ciência de Dados,DROPPED,6.9,99,25
16e9e60d-d470-4831-98f0-6b747063a83c,2026-01-29T02:21:17.774779,Engenharia de Software,GRADUATED,3.6,57,50
b995ab92-f314-465a-8bb2-f575e06919de,2026-01-02T00:46:20.814945,Administração,DROPPED,8.6,65,25
b086547f-f74f-4acf-bbe5-a40fbb72850b,2026-01-04T14:03:35.192193,Ciência de Dados,GRADUATED,0.0,65,25
6b74db87-3d12-4b61-ab47-6ce3aed1af8d,2026-03-25T15:10:07.488363,Administração,GRADUATED,4.9,78,100
e70d7093-0360-4f4c-8d89-46f75bfd9c78,2026-02-08T20:43:41.136137,Engenharia de Software,ACTIVE,4.5,62,100
2ecc42e7-eea6-4dea-bc5a-fcf61c6f58a5,2026-02-17T09:01:54.111110,Direito,SUSPENDED,3.0,51,0
f0cfdd4d-9818-4d15-a667-7aff892fa977,2026-01-03T18:36:49.326152,Direito,SUSPENDED,1.8,75,50
a38f97e6-12b7-42b7-838a-4ca0b9a50584,2026-01-28T18:26:30.177188,Engenharia de Software,DROPPED,4.8,95,50
e1fce320-4b20-4895-8263-536327731aab,2026-03-02T04:46:38.085063,Direito,GRADUATED,10.0,61,100
d2e84fdc-5bc7-4430-8658-abfdb5593c63,2026-01-02T12:33:15.688678,Engenharia de Software,DROPPED,7.7,85,0
f839c9b8-a2c7-4b06-b85f-1bfc1060b4fd,2026-01-18T10:49:40.096229,Ciência de Dados,ACTIVE,7.5,81,0
6d508495-6ac9-4442-ad5f-c17cbf92f1d3,2026-03-18T11:31:03.558763,Direito,ACTIVE,4.6,72,50
ee834c04-e898-4455-b768-13061474e88f,2026-01-14T15:18:04.221972,Ciência de Dados,ACTIVE,9.7,61,0
007381b9-ce37-4ee8-a0b4-345e53f6fa44,2026-01-31T21:26:41.223332,Direito,DROPPED,7.9,53,0
8bb42ab7-cb67-43b7-b8e1-73707ed7174b,2026-02-12T11:04:31.496591,Ciência de Dados,DROPPED,6.2,90,25
bf42906b-90e0-41fd-b829-beadeab93e87,2026-03-12T17:33:51.532269,Ciência de Dados,ACTIVE,7.9,63,100
c07b31a4-2d53-4d82-b970-d5f3f47247ab,2026-01-11T08:41:03.338212,Ciência de Dados,ACTIVE,10.0,65,100
6ea3387e-8df9-46e3-87f9-e8b3eab9b642,2026-03-05T19:22:27.247632,Direito,SUSPENDED,3.2,100,50
97a02c26-ebe5-4b87-b533-2ae39ae8134c,2026-02-17T16:38:50.322106,Direito,ACTIVE,3.1,98,100
56df12e0-bd78-4654-856c-1a3db7815915,2026-03-22T12:04:38.740677,Ciência de Dados,ACTIVE,8.3,85,0
05017947-3ebf-4b55-b655-f8fa31480e01,2026-03-22T08:24:35.712226,Engenharia de Software,SUSPENDED,5.8,98,100
25e4a744-aab1-437e-b7c2-d2241106e14b,2026-03-05T00:59:14.324307,Direito,SUSPENDED,6.7,100,50
7c56b9d6-4337-4d24-a565-61e317b843d3,2026-01-13T03:30:28.285991,Direito,SUSPENDED,9.0,55,50
ae4f3dfa-996b-4f12-ba20-3321ec44b88c,2026-03-17T18:25:52.544752,Engenharia de Software,ACTIVE,3.7,74,50
3b0bc551-0e7f-4315-a42d-27140e1d5d72,2026-02-15T09:32:01.365031,Ciência de Dados,DROPPED,1.7,72,50
b5f3dc75-36c9-48a5-83ec-e97a956a2a85,2026-02-06T01:07:38.588900,Engenharia de Software,ACTIVE,3.9,77,25
681f0630-7fe5-452a-82b1-2a880b2f0e04,2026-03-27T20:00:04.997741,Administração,DROPPED,2.0,68,25
9b267c92-e731-4c0a-8d28-d1ac09fa3e83,2026-03-03T23:55:59.995417,Administração,ACTIVE,3.9,84,100
06a96e9b-cb61-4b11-b24e-82ebb154819a,2026-02-03T15:13:32.816502,Ciência de Dados,GRADUATED,5.4,67,0
5255980c-7806-4721-af9c-982621170886,2026-02-13T17:37:10.973853,Engenharia de Software,GRADUATED,6.5,80,100
5f9fa54d-e4e7-484e-8d13-aaf23508b790,2026-03-04T03:16:38.405745,Direito,SUSPENDED,5.0,86,100
667a8d6a-8fbe-419d-9b09-b0fa2658c6ca,2026-01-19T08:02:33.798626,Engenharia de Software,GRADUATED,8.2,97,50
96c8f794-604a-4553-9b77-eff055380d48,2026-03-27T10:59:27.776560,Engenharia de Software,DROPPED,6.3,50,25
54656bfb-7aa4-4661-863a-648cb48bf62c,2026-01-10T18:25:49.988045,Direito,ACTIVE,7.5,51,25
520a7c9c-0513-43be-984b-a92770cc687c,2026-02-18T07:00:34.844627,Ciência de Dados,ACTIVE,5.8,56,50
2adbea8d-0cf2-4a73-ad08-8790831586df,2026-01-24T11:39:17.430930,Ciência de Dados,GRADUATED,1.9,59,0
055e439f-7d5b-4305-9c70-b3cd9ea6b357,2026-02-16T16:20:30.200137,Engenharia de Software,SUSPENDED,7.1,64,0
cadd3961-3f16-4153-b5ab-75af09889a3d,2026-01-15T01:16:59.114092,Engenharia de Software,ACTIVE,3.0,65,50
aadbb9c4-ac72-4f4e-8f46-4f78312f85a9,2026-02-26T11:21:05.513290,Engenharia de Software,SUSPENDED,6.9,54,0
aea23de2-dbc7-40db-bcac-d4c892600129,2026-03-29T09:42:00.335055,Direito,ACTIVE,8.1,88,25
929b24d2-69aa-499b-8225-e91fcd91edb0,2026-02-05T04:10:35.289408,Administração,DROPPED,8.7,77,50
4e4f1c9d-80ce-406c-ab6d-600ebd4e257b,2026-01-17T10:39:22.573325,Administração,SUSPENDED,5.9,78,25
26888de2-79d2-4cad-a03f-8bb57c95f2db,2026-02-13T00:25:47.958205,Engenharia de Software,GRADUATED,7.7,59,25
779e4db2-155b-4325-b92a-e9f5653e8c8e,2026-03-13T12:34:29.223489,Administração,DROPPED,3.2,75,50
27402469-a1de-400d-b130-4c387159cd7f,2026-01-03T23:26:04.656527,Administração,SUSPENDED,6.0,50,100
b7a4cee8-eb89-4b18-908c-2e51c3bca145,2026-01-22T19:23:59.404730,Engenharia de Software,GRADUATED,7.3,62,0
829dc1b2-93c0-43c0-81b4-9b7ab2dfa1e6,2026-03-29T21:56:38.962701,Direito,SUSPENDED,8.3,89,50
b6c216d0-e226-4667-a2d9-032851bceef1,2026-02-24T10:52:40.492007,Administração,ACTIVE,2.3,90,50
0ac2100c-6e54-4860-a45a-3c88e5339841,2026-02-07T16:46:54.116192,Direito,GRADUATED,4.5,65,0
5e1148db-5d75-4e80-8149-dc8f05d403b6,2026-02-10T09:52:15.876957,Ciência de Dados,DROPPED,6.0,78,100
968e15b3-ab73-4718-899f-151e0ac0b749,2026-03-01T18:27:57.821446,Direito,ACTIVE,5.1,64,0
7242133c-9e89-4729-988f-43b062209e64,2026-02-01T08:11:33.414727,Administração,GRADUATED,0.8,89,0
3f6530f0-eef1-45c5-8224-e0ae55e1abc1,2026-01-19T22:04:46.257690,Direito,GRADUATED,2.5,86,50
caeeb5e0-64fe-4c66-9d05-825aba98ec22,2026-01-25T11:09:09.748094,Direito,SUSPENDED,9.7,88,0
98a30b69-f549-472b-b913-1c453956a319,2026-02-02T03:14:18.536060,Ciência de Dados,DROPPED,4.6,57,0
6b8b1605-f164-4c28-aa2e-cacfc451a02f,2026-01-19T17:29:02.006825,Administração,GRADUATED,2.0,85,0
582b2c7b-2bed-4908-ba4b-ee6357ed123c,2026-03-04T06:51:03.820063,Administração,GRADUATED,9.6,79,0
5645c46d-1812-4b33-834b-512b12d19958,2026-01-12T13:28:32.399580,Ciência de Dados,SUSPENDED,3.7,89,50
446a3094-d8f9-4188-acbd-cb3209ba8252,2026-01-04T06:20:12.755214,Administração,DROPPED,6.6,79,0
a14f510c-33d7-4139-8dac-cf017f2925ba,2026-02-07T02:59:02.476734,Direito,ACTIVE,9.2,77,25
cab162e5-e5a1-4ca2-9f6a-6923a6450854,2026-03-13T09:20:07.794436,Engenharia de Software,SUSPENDED,9.5,83,50
368b7709-493a-4726-90a1-73687571990a,2026-03-25T06:00:49.430722,Direito,DROPPED,2.6,70,50
070bad45-4db5-4157-9d3c-0ed9982caff5,2026-01-07T01:46:43.835934,Administração,GRADUATED,8.3,55,25
bfe98c4e-8a27-4292-8e7f-5b70213b4b5c,2026-02-23T09:59:23.885787,Engenharia de Software,ACTIVE,3.1,72,100
116e4271-3870-4466-821d-5374f64c1f4c,2026-03-04T03:27:53.482424,Engenharia de Software,SUSPENDED,9.1,59,100
8abd04c4-1c95-4616-a9c8-803019ef0c35,2026-02-24T13:43:33.372509,Direito,GRADUATED,8.5,67,25
457ba470-af89-4ba4-ab42-75452d979a74,2026-03-26T13:30:14.903704,Direito,ACTIVE,8.6,79,100
e949c797-7363-4fb2-9f0b-92a3fd52752e,2026-03-03T14:13:04.505275,Direito,SUSPENDED,0.6,52,25
71ac2c10-cd33-4a5e-925d-0efbc2d3f780,2026-03-03T03:21:16.399331,Administração,GRADUATED,3.3,99,100
be50ae87-12ee-4c8a-b66c-878b20a97caa,2026-01-06T18:08:43.892200,Direito,DROPPED,8.9,100,0
e9fbc1b5-21c9-468f-84c1-dd5f9325743d,2026-02-17T14:21:56.645054,Administração,DROPPED,2.1,94,25
8bedcba8-11e0-4ba1-b4ae-2103b68bb300,2026-01-13T17:29:22.529757,Engenharia de Software,DROPPED,6.9,81,0
7cb6e2d1-7d65-48ca-a061-9cea6adae187,2026-01-14T17:25:34.669980,Ciência de Dados,DROPPED,4.1,95,25
f3c8a988-9abf-4be5-9844-a3ad4d0c9b86,2026-02-24T09:15:08.525301,Engenharia de Software,DROPPED,0.8,70,50
b22239ab-defc-4659-a80f-bc1d1feae76c,2026-01-24T14:53:20.627494,Direito,DROPPED,9.9,90,0
64bce85b-8ab2-40a4-bb45-99700f9a3e93,2026-03-13T04:56:09.797629,Engenharia de Software,DROPPED,1.7,72,50
8e8903c8-33f6-44b3-a494-9962a1f6c3c8,2026-03-20T05:03:04.535505,Engenharia de Software,SUSPENDED,6.2,61,100
9c324060-7d3d-4f7b-b371-d1b437ad37d5,2026-02-26T07:14:14.044441,Administração,ACTIVE,0.5,83,100
e5d6e83f-1f61-480f-ace7-36af9041c62e,2026-01-07T09:10:59.832847,Administração,GRADUATED,3.4,63,50
375d8658-3786-4f50-893a-c1e16d4b7114,2026-03-02T05:57:27.019721,Ciência de Dados,GRADUATED,0.3,50,0
d074b13f-6128-479b-ae3b-e6996eb54388,2026-03-18T23:23:55.616221,Direito,ACTIVE,0.6,56,25
0e763a7a-bd4d-409e-b1ac-d9a95197e719,2026-03-07T04:16:49.714966,Direito,GRADUATED,5.2,77,50
1a0e0243-7752-4b9f-ad59-22f286655fd1,2026-03-21T12:23:17.725222,Direito,GRADUATED,1.4,57,100
22c86fa7-22d0-4017-a68f-9e0c35a2c065,2026-03-28T08:23:37.726014,Administração,ACTIVE,8.0,61,100
74ae7693-2d76-4947-88b3-f40762421bde,2026-03-05T05:48:45.446459,Administração,SUSPENDED,8.3,79,25
694254ab-6b39-450c-b86a-f4847b2bcff2,2026-03-01T04:15:25.489161,Direito,GRADUATED,1.5,75,0
bbd06cc8-7755-4df9-9a1a-7a296a02f338,2026-02-20T09:41:50.129368,Administração,ACTIVE,1.9,55,100
4a845549-e9ad-442f-a24e-02da9c06dd49,2026-02-16T16:53:22.527163,Ciência de Dados,SUSPENDED,9.5,68,100
e5457aae-ad0a-4734-9763-3d5d2d1a7a48,2026-03-05T22:52:04.150701,Direito,ACTIVE,1.3,69,0
ea18e26b-c9a2-46c4-980b-381b6f1fb417,2026-02-14T08:24:22.770001,Administração,DROPPED,5.6,84,50
af54780a-74bf-436e-895a-1ce115ad32ec,2026-03-10T12:31:44.340467,Ciência de Dados,ACTIVE,9.4,85,0
15722614-86db-4e9d-807a-39129e3b9546,2026-02-12T21:15:35.416495,Administração,DROPPED,9.8,56,0
7fad4eef-11f8-4bf2-99f2-c625276f02dc,2026-03-01T21:08:40.666354,Ciência de Dados,DROPPED,3.5,77,0
6a63ceb1-e7ba-4555-a7fe-f750d1a2817d,2026-02-08T06:24:30.137698,Direito,ACTIVE,1.6,93,50
c9a9be0c-33b7-46ce-94c1-e4dca13ba454,2026-02-09T11:41:49.744446,Administração,DROPPED,2.8,68,100
efc470ba-4ac5-4cba-bf6e-2a3fd9cd5512,2026-01-26T11:52:54.763535,Engenharia de Software,SUSPENDED,7.0,67,0
9784f561-06d4-487f-843c-a1cf77081df6,2026-02-11T09:32:36.178718,Ciência de Dados,GRADUATED,9.2,91,50
2c880d76-849a-4e62-8070-7261358b533b,2026-03-21T03:38:57.615192,Direito,SUSPENDED,3.0,66,50
0dfcc8b6-e067-404c-9520-42a0591405c5,2026-03-04T23:12:31.053352,Direito,GRADUATED,2.6,51,0
b85f62fb-d3c7-4035-a8bf-92db15d042df,2026-01-26T18:45:26.785686,Direito,ACTIVE,6.2,85,25
cd2f64ff-b91b-4855-abfb-cf515bec0102,2026-03-27T15:20:47.808520,Ciência de Dados,DROPPED,8.8,82,25
5e8464d9-a81b-4285-ab84-e5bc53e9d4bc,2026-02-13T01:04:44.252260,Administração,ACTIVE,0.2,94,100
c8c10b5f-1b25-4ba1-bb79-ac671af6d122,2026-02-16T16:38:59.219586,Direito,GRADUATED,9.7,72,50
36af18fb-0c8e-418d-a2fe-a9615913aea9,2026-01-25T08:23:36.204845,Administração,ACTIVE,4.3,86,0
3e5d290e-b80a-4982-95fb-749687ab8a38,2026-03-09T03:55:55.525956,Engenharia de Software,SUSPENDED,9.9,70,50
82b8be68-75bf-461a-a92a-834ecc4b4d67,2026-02-17T06:40:19.537073,Direito,SUSPENDED,4.7,96,0
2bb45381-1218-47b1-80c1-371ae45d2825,2026-01-07T00:42:42.220427,Administração,ACTIVE,1.7,93,50
3805452b-3e23-4fbb-ab69-970db7abbfec,2026-02-25T07:01:26.715005,Ciência de Dados,GRADUATED,8.2,69,0
b6673b17-cb14-4365-924a-638caf549907,2026-01-23T17:40:40.209044,Direito,ACTIVE,5.6,58,0
f79b9ab3-07ff-4d4b-a9fa-efed89ecb11c,2026-01-29T04:02:50.022232,Direito,ACTIVE,7.3,51,50
990cd0c5-cca3-4802-9fbe-2975265a8302,2026-01-24T09:42:25.414920,Engenharia de Software,SUSPENDED,9.2,99,50
24a53a01-59f3-4b6d-82b9-c57002d54b1b,2026-01-11T17:51:49.223929,Ciência de Dados,DROPPED,9.7,80,100
cdf4064f-385c-4796-b487-f3a3cb58c13f,2026-03-29T23:00:16.238287,Administração,SUSPENDED,1.7,75,0
33646eee-a498-48e0-a3ad-bd1375b512b6,2026-01-09T20:39:10.092730,Direito,ACTIVE,6.2,55,50
0e2570cd-7b4d-44ef-95d7-b26c06fb6dbb,2026-03-18T20:16:03.967795,Administração,GRADUATED,9.9,57,0
d6c83088-07c7-4a2f-96a0-7e2813ea383d,2026-02-20T14:32:19.167405,Ciência de Dados,ACTIVE,6.8,83,0
585ef5ef-2a6d-4466-a0be-a341572c7ecc,2026-02-26T18:13:16.347785,Direito,GRADUATED,7.0,50,100
98c032ac-f19b-4a5b-98f1-60fd6339342b,2026-02-01T04:42:34.977268,Administração,DROPPED,5.9,51,100
c54631f2-96b4-4bf0-8549-a776a9201c1b,2026-02-19T16:38:52.928261,Ciência de Dados,GRADUATED,0.0,80,25
cd3e6b7f-48d5-48b0-a857-eded3cf3c26f,2026-01-21T10:14:47.352698,Engenharia de Software,DROPPED,0.7,94,25
94fad090-2a09-45cc-bfcf-24ad23c569db,2026-01-04T16:11:34.148883,Direito,GRADUATED,7.2,72,50
32fb47dc-1c54-4ab2-9d69-da7e6ce9c9c3,2026-02-15T07:55:20.146765,Engenharia de Software,DROPPED,1.5,90,100
0514341d-a2d8-47c2-94b0-e24c7d4a3c65,2026-01-07T01:23:41.085779,Direito,DROPPED,2.3,77,50
8e421244-ec7d-4693-b6dc-b88d54a23181,2026-02-24T23:35:00.398319,Administração,DROPPED,5.8,87,50
0634da1a-150d-44dd-97a6-232ff917c4f6,2026-01-06T17:46:01.678391,Direito,SUSPENDED,3.7,52,0
92f8dd8f-649b-45a3-8b24-69cf0bd80f34,2026-01-18T05:18:06.556118,Engenharia de Software,GRADUATED,2.7,82,100
9457524d-b34b-4e11-a6d7-51e5a2408695,2026-01-06T10:53:15.271522,Administração,ACTIVE,2.0,52,25
cb623a4d-4163-41ab-a614-47cd1b92a099,2026-02-27T20:42:15.568455,Ciência de Dados,SUSPENDED,6.3,63,50
80f36291-9249-4f21-8e34-0171dfe18753,2026-01-25T11:18:16.684609,Administração,GRADUATED,8.0,90,0
9106bf21-7784-4078-b4c4-621768320d0b,2026-01-23T01:35:36.496708,Ciência de Dados,ACTIVE,3.6,63,0
9c0fbc6a-1c6b-454b-8a55-817c82d97191,2026-01-26T17:57:05.393979,Direito,SUSPENDED,5.3,55,25
e2561fa4-13cb-45f6-9c0e-b4f330f68a28,2026-03-26T15:09:12.681260,Administração,DROPPED,0.0,81,100
cdd598e6-2f02-4e8d-8d25-f56054f68725,2026-03-14T04:59:28.213692,Direito,GRADUATED,5.7,99,25
a1039c1e-92cd-4c1b-8c51-7404a2a73f2a,2026-01-25T22:19:57.904572,Administração,GRADUATED,3.9,67,25
3e89e61b-0fbe-4b05-ad2c-7f56656e388f,2026-01-23T22:32:57.005149,Direito,ACTIVE,2.6,76,25
79afa7a9-31f2-4238-bc53-b9b7c332cf50,2026-02-16T17:05:40.532213,Ciência de Dados,DROPPED,9.8,75,25
ae7812a5-e77c-4fe4-a5ab-b735ea140406,2026-01-06T00:25:09.490474,Direito,SUSPENDED,9.8,58,25
88fe8985-f0cc-4cf2-b655-4817e1b76d31,2026-01-01T11:13:37.671309,Engenharia de Software,DROPPED,7.8,75,50
5ddb0eaf-58cf-4326-8ac8-b49927781e2f,2026-03-05T02:46:33.421896,Ciência de Dados,GRADUATED,6.8,64,0
00a34e7b-947e-4ad4-a662-61b420c724af,2026-02-08T04:39:31.658876,Ciência de Dados,GRADUATED,7.4,90,25
17b59087-0653-4be3-944a-505639ac8155,2026-02-15T14:45:09.589334,Administração,SUSPENDED,0.0,70,100
d7f174d2-dd07-43c0-bd63-219beb63fd92,2026-03-16T08:04:16.510564,Ciência de Dados,ACTIVE,7.5,67,25
f9086d24-04c8-4562-ade7-7698f469580e,2026-02-02T17:47:48.126503,Direito,GRADUATED,4.7,90,25
3eaf142e-1499-4c2e-bac8-7eecb1284b94,2026-01-25T19:18:37.816427,Direito,ACTIVE,2.5,67,100
3f89339a-b1a6-4515-a122-9864566b5384,2026-03-09T22:51:26.203805,Administração,ACTIVE,1.1,56,50
d2f333dd-fa94-44f2-b383-0932176b7fcc,2026-03-24T03:24:58.223849,Engenharia de Software,GRADUATED,3.1,69,50
058e409b-471a-412c-9bea-cebf8283d3d0,2026-01-29T19:51:39.234782,Engenharia de Software,ACTIVE,1.7,83,50
e2a73a15-55aa-4e52-b16a-941e02eb7ca2,2026-03-28T12:20:02.580508,Direito,DROPPED,3.6,68,0
8e059fb1-f8f0-427a-b14c-df233e55f2fc,2026-03-06T08:54:33.106784,Engenharia de Software,ACTIVE,3.3,52,50
55f8e21a-68a2-4cd4-8645-a208684a931d,2026-02-03T02:18:17.910300,Direito,GRADUATED,7.6,51,50
8e763610-bd95-4d9a-ada5-7c64a6dc2f8d,2026-02-23T10:52:29.472738,Engenharia de Software,SUSPENDED,7.5,72,100
ce6cc278-fbb1-4a7a-9400-33c5ce1caae1,2026-03-03T11:29:00.502016,Administração,ACTIVE,0.2,93,0
6106ce50-c155-414a-9b7a-aa440771530a,2026-02-19T23:20:15.645678,Administração,GRADUATED,5.2,86,0
da40a425-d3a9-4bd7-9fda-092b4e3d60ac,2026-03-03T18:27:16.839004,Engenharia de Software,ACTIVE,8.3,77,0
be6338f7-a2de-44c9-b6fb-331945f450f2,2026-01-01T02:08:56.534966,Ciência de Dados,ACTIVE,8.7,66,50
cbd98a9a-b443-4390-9c3a-4fcabbba35e6,2026-02-09T23:50:40.662942,Direito,ACTIVE,0.5,82,100
9f9d0755-99f9-4da5-96b5-49ba088efa5e,2026-01-06T14:49:40.055832,Administração,DROPPED,1.8,88,50
1ba0f3cc-1bd4-4dd0-b1f8-92f925503c8d,2026-01-09T18:51:32.330507,Ciência de Dados,SUSPENDED,7.8,94,100
2f1d2fda-105f-4cf0-a003-81d9cff07eae,2026-03-07T15:38:25.478379,Administração,GRADUATED,5.4,50,25
53456435-5a53-4c01-ac77-b47f4fbc1ee6,2026-02-21T11:00:18.269964,Engenharia de Software,DROPPED,0.9,94,0
0f353495-0e8b-45ae-aa88-e2504d57c3f5,2026-02-09T01:51:14.937379,Direito,ACTIVE,6.2,97,50
51d9f522-8da5-4351-a523-fdef16b439e8,2026-02-15T11:34:23.830006,Engenharia de Software,ACTIVE,4.3,59,50
40fc952c-3aa5-428c-a380-5f59729bd9cd,2026-02-18T01:16:54.982998,Ciência de Dados,ACTIVE,2.0,79,0
84c0ef0b-ac4a-4238-b5c3-8e7fb4c3ebfc,2026-01-11T02:03:06.597346,Engenharia de Software,DROPPED,4.7,71,100
084319ae-41df-4eab-959b-207bb7b41454,2026-03-24T13:17:04.741021,Engenharia de Software,ACTIVE,3.5,88,25
a94d0e71-ac76-4fe4-98d6-9aa80da369c6,2026-01-15T12:46:58.482457,Engenharia de Software,DROPPED,6.1,76,100
2bbdb849-7232-4b06-8f66-9b2d62bdcd46,2026-01-13T03:46:38.115725,Direito,DROPPED,7.6,82,25
9c81f117-fa32-4ddf-ac40-45ac71285f0b,2026-03-18T07:39:04.305587,Ciência de Dados,ACTIVE,8.5,69,50
e8c2cdaf-4003-4d7f-8aaf-9cae3e5fcbcd,2026-02-01T01:20:27.875100,Engenharia de Software,SUSPENDED,1.9,92,100
32f4cf70-611a-425f-af1c-88f61bfb05d8,2026-01-28T08:16:39.175127,Ciência de Dados,GRADUATED,2.5,78,50
92211b5f-b973-4dbe-b9fd-18d21a1b4e9a,2026-01-23T09:44:44.424819,Direito,ACTIVE,1.0,93,25
46a8058b-09b3-415c-ae05-89dcec1408d9,2026-03-10T02:06:01.987014,Direito,DROPPED,9.0,74,100
ed9d74e3-83b8-4256-8333-c04237959e73,2026-03-08T21:50:33.289248,Direito,ACTIVE,1.2,59,0
882ec271-d911-4e1d-994f-4511c66a8839,2026-01-21T11:15:56.609059,Administração,SUSPENDED,7.4,63,50
0f84782c-f6ec-4f3d-8684-70fbdba7bed7,2026-01-16T11:27:59.546134,Administração,GRADUATED,7.4,85,100
0b9246c5-8c93-4482-b9f2-ae4ff56e9afc,2026-02-02T06:15:21.029258,Administração,SUSPENDED,0.2,65,50
379d89cc-76f5-405c-a899-2a28c2a90478,2026-03-04T07:46:48.877097,Ciência de Dados,GRADUATED,1.1,53,25
f8c67122-2514-4b74-acf2-f583f622b1e3,2026-03-14T03:21:02.462658,Engenharia de Software,ACTIVE,6.2,61,25
1e5643e2-dad4-4ae2-b48e-5ae2bd6777f7,2026-03-11T16:59:21.917920,Administração,DROPPED,4.0,67,100
91b3344b-db96-4b7c-ad85-3a982f29d1cb,2026-02-10T20:39:11.508944,Direito,SUSPENDED,0.0,83,0
00c17f21-5960-4dda-aa1e-f8f8d0f927d1,2026-01-01T20:37:36.627245,Administração,GRADUATED,8.6,84,100
f94cd3c6-6c83-4223-89f8-198b5ecc579a,2026-03-12T21:37:50.227168,Engenharia de Software,ACTIVE,8.9,66,25
4d48d2a7-e90e-4523-8f97-40561da33590,2026-02-11T09:31:02.417415,Engenharia de Software,DROPPED,8.8,60,100
97120bb9-6f1e-4137-b269-9c57cc86e163,2026-03-06T19:57:43.184365,Administração,SUSPENDED,6.4,91,50
a8b2e37c-3fd9-4f5d-949e-58c13e0e2da4,2026-02-25T02:45:22.417989,Direito,SUSPENDED,5.8,93,25
617b0db9-4682-45e8-89aa-c47c4ce205a0,2026-03-16T21:06:23.250258,Administração,DROPPED,4.9,64,50
c4240e8c-f71d-4283-b9b1-258c2fbf2220,2026-03-09T06:25:04.475620,Ciência de Dados,ACTIVE,5.1,95,0
b6701483-a6e6-4d81-8be4-f9f663df7d7a,2026-02-13T16:58:18.833848,Ciência de Dados,DROPPED,1.9,69,100
3a3fa66a-694b-4ef9-9d73-045857740878,2026-02-02T03:41:11.250845,Direito,ACTIVE,1.6,64,100
47c2a011-6a02-4648-8956-897624c45423,2026-01-17T05:56:22.805510,Ciência de Dados,DROPPED,0.2,95,50
fee95bf3-3965-4edb-a89e-ace32ebde00b,2026-01-13T06:53:44.983366,Direito,SUSPENDED,0.3,98,50
4e3a27d6-58fd-40ac-a68a-493e9aa12e4d,2026-01-06T01:52:50.247644,Administração,DROPPED,0.9,63,100
eca1b9cc-4229-4466-8927-7931104d6f3b,2026-01-23T03:31:34.650410,Engenharia de Software,SUSPENDED,7.2,86,100
34461b31-604e-46f4-a571-6e389a5f09b5,2026-01-16T20:13:43.738302,Ciência de Dados,ACTIVE,4.2,80,0
3e66c252-4fef-4b12-85fd-c5926eb4c6e6,2026-01-28T18:24:23.048682,Ciência de Dados,SUSPENDED,3.7,94,25
e7efefec-911c-4386-83b8-14a7078b6cdd,2026-02-02T04:11:06.918291,Ciência de Dados,DROPPED,9.1,62,50
5efe8f8e-8862-4833-9bac-2909323b7e32,2026-03-22T14:08:05.624479,Direito,ACTIVE,8.8,90,100
3d62aa6b-ae67-40c3-9a57-0e75cbb5e53d,2026-01-07T06:28:16.241496,Ciência de Dados,DROPPED,1.7,81,0
f102e974-34dc-4d5f-a6ab-82780476e8ec,2026-02-18T16:53:17.004674,Ciência de Dados,GRADUATED,6.9,85,25
a2ba2c91-94e9-450e-b667-0f874c8997ca,2026-03-19T08:10:32.320437,Ciência de Dados,SUSPENDED,1.6,99,50
4b87f46c-1970-49de-be50-0b6fc619af2c,2026-02-04T04:34:49.102933,Administração,GRADUATED,2.9,55,0
0951ffb2-e96c-49a0-9ec2-b9b0400f38ac,2026-03-29T08:31:52.691726,Engenharia de Software,GRADUATED,1.6,70,0
c8d4dbec-a91b-4da9-9d02-c5eb2e852bb4,2026-02-24T17:16:23.885010,Direito,GRADUATED,0.3,76,0
67487420-c845-47c7-9c55-d4939fc84cd9,2026-01-07T15:08:42.799716,Engenharia de Software,DROPPED,2.3,88,50
8e60a14e-cd5c-4985-a7d8-bd39d7ada2e5,2026-01-13T12:53:45.009974,Ciência de Dados,GRADUATED,0.6,100,50
20a0950f-e341-48b3-a50a-554ed30c6e24,2026-01-08T08:39:59.907773,Ciência de Dados,DROPPED,9.2,87,0
f6398cf8-a741-44a4-89fe-d5643f5d1c74,2026-03-15T23:02:40.567658,Direito,DROPPED,1.6,87,25
d7bda09e-1fe6-49d9-bcb9-318622c54b6a,2026-02-17T10:09:59.918964,Ciência de Dados,DROPPED,6.0,64,100
3a46207c-4ec4-4b17-abd7-e02c1c1f192b,2026-02-22T03:09:01.528076,Engenharia de Software,GRADUATED,6.3,57,100
de8bf2f6-7d7c-4ecb-a0bd-a3b5d7ec8299,2026-03-16T23:52:40.759094,Engenharia de Software,SUSPENDED,7.2,57,0
2737b2bf-4980-4164-8381-82a33b4407d7,2026-01-07T06:45:54.229830,Direito,DROPPED,1.7,74,100
910d6ddb-69fe-405d-82ab-402f05a38bd6,2026-02-28T23:47:37.125082,Engenharia de Software,ACTIVE,4.7,60,100
dfbaf7be-0860-4212-9f77-6c0d08380793,2026-01-20T09:03:09.998185,Administração,GRADUATED,5.0,76,50
737d6e85-fb96-4c30-b7ac-7df986424d72,2026-01-18T16:04:28.599835,Administração,GRADUATED,9.5,89,100
94203233-8c1f-4e92-ab80-6fecb8cfde49,2026-01-18T12:57:18.016516,Direito,SUSPENDED,6.8,77,0
0763e974-9c3d-4289-8b37-1bd07ca0c1a7,2026-03-12T23:36:18.445003,Ciência de Dados,ACTIVE,7.1,95,0
473caf10-faf9-4de1-b6b7-08be1b39e88f,2026-03-03T11:35:42.273928,Engenharia de Software,ACTIVE,1.8,53,25
4192d6b1-089e-4466-b1f6-672880c7d001,2026-02-10T06:29:34.058427,Ciência de Dados,ACTIVE,9.5,50,25
58635e27-b771-498c-bed3-68d6a6d9678b,2026-03-29T15:32:50.238405,Direito,ACTIVE,4.8,97,100
74dfce30-9aea-4717-834b-caf3bed5b1f3,2026-01-11T20:03:12.401845,Engenharia de Software,DROPPED,9.2,73,0
5c805e52-9132-409b-82c7-8d90b498e390,2026-02-21T07:03:54.597743,Engenharia de Software,GRADUATED,3.9,82,25
57300d6d-cd43-4fd3-adc4-0debf2ccda3f,2026-01-17T08:55:36.692470,Engenharia de Software,GRADUATED,7.0,95,25
4d8ae562-d30c-4b06-b97a-8815b9b5fb82,2026-01-15T13:03:50.947296,Ciência de Dados,ACTIVE,1.2,60,100
948e89bc-4072-482b-86fd-77f73aa8d7a7,2026-01-20T05:43:17.711207,Direito,SUSPENDED,2.4,84,50
eccf327c-10a7-4249-99b2-986b17c102d3,2026-03-04T16:36:31.440869,Administração,DROPPED,3.2,51,50
935601d9-34c1-4279-9bc9-860577c09fd8,2026-01-12T10:09:18.144592,Administração,SUSPENDED,2.9,51,50
4f4901b0-8872-47f2-9538-b4a18008daf0,2026-01-23T18:10:39.950369,Direito,GRADUATED,7.9,77,50
58fb7f2d-988c-49fa-82c9-737be24d4872,2026-02-22T03:40:16.097580,Ciência de Dados,GRADUATED,7.1,93,0
f4af2293-4fb9-4060-872d-71af9f24b2e0,2026-03-23T21:12:58.849401,Engenharia de Software,GRADUATED,4.7,66,100
d6cc2928-92fc-4f33-86d3-e31c916065f0,2026-03-21T22:30:11.136662,Direito,SUSPENDED,4.8,63,25
1da9a559-1d4a-41db-860b-a60297807284,2026-03-25T10:55:41.163776,Direito,ACTIVE,0.8,52,100
d9923b0a-e52c-48bf-bb58-9efa514aca89,2026-03-19T20:10:57.954954,Engenharia de Software,ACTIVE,8.9,96,100
dada197f-e22c-44bc-9744-6cb13bd44a34,2026-03-25T00:01:52.050784,Engenharia de Software,DROPPED,5.1,89,50
a86c1aa6-41c1-452d-8853-6dcd0c894635,2026-02-07T13:13:32.198740,Administração,DROPPED,6.0,64,50
256944c9-6f06-4abc-8b7f-e76defa42dd0,2026-02-16T20:57:32.319145,Direito,ACTIVE,6.6,52,0
ed8ffce4-7f4b-459c-a391-6c2c0c8a859d,2026-03-10T12:27:56.850339,Administração,SUSPENDED,0.1,87,25
e3194b80-d027-4772-b5ef-2a2e1242ec57,2026-03-30T00:30:42.328540,Ciência de Dados,DROPPED,2.4,65,50
89be7f48-f8c0-4697-86fb-26b0d44de224,2026-03-17T13:54:22.556558,Ciência de Dados,GRADUATED,5.7,95,25
31ec6add-1686-4668-b3df-99156b6ff638,2026-02-23T11:21:52.739062,Ciência de Dados,SUSPENDED,8.3,62,50
e828afdc-f9f6-4ad6-8853-554e68986b2d,2026-03-18T08:30:24.371486,Engenharia de Software,ACTIVE,1.2,98,100
112e0016-0f61-49d7-b472-08665d4bd024,2026-02-11T16:43:34.228252,Direito,ACTIVE,8.4,53,25
e93c2926-7f66-4ca6-98ea-174390768512,2026-01-18T15:18:58.020081,Engenharia de Software,ACTIVE,0.0,51,50
daec3d87-898e-4db1-9942-8607a5d2929e,2026-01-27T17:05:13.413195,Ciência de Dados,ACTIVE,9.6,91,50
ef065535-ff39-427b-be8f-0f7114eafbe9,2026-02-15T08:59:19.353089,Engenharia de Software,SUSPENDED,2.0,80,50
0b3b67c8-71ac-443c-ac52-93ffa5b38b74,2026-02-09T03:47:54.220282,Ciência de Dados,SUSPENDED,9.0,87,25
3dea79a4-2cd2-4e34-94e6-b66e9510b49c,2026-03-11T11:51:49.479655,Ciência de Dados,GRADUATED,6.2,55,25
03ee309b-1e74-4020-b1c1-0851d079c569,2026-01-24T12:59:25.012670,Direito,DROPPED,4.2,58,25
e2da0d35-cc1d-42c6-babc-03b5668865dc,2026-01-10T18:04:48.730712,Administração,GRADUATED,1.2,89,0
c051de7c-104e-4c87-a810-9634ec345bec,2026-02-27T12:32:05.765565,Direito,DROPPED,2.8,81,25
02448367-a2d3-4547-b905-e718c08709a7,2026-01-03T23:56:07.954779,Administração,DROPPED,5.3,78,0
43b7b543-c793-423c-813d-1f9c271e9a05,2026-02-09T15:40:51.104381,Administração,SUSPENDED,3.6,73,100
3cb36a16-8af3-4f86-9925-41aba6b91e54,2026-03-07T09:06:05.542532,Ciência de Dados,ACTIVE,9.9,85,25
d841a585-3d15-451c-bc17-4cf5e268115f,2026-03-27T16:04:25.985854,Engenharia de Software,SUSPENDED,1.4,65,0
fc6b91d9-6c70-4d5a-b96f-75abd9297fa1,2026-02-27T11:30:47.257998,Ciência de Dados,DROPPED,0.2,50,100
399015cd-1894-49ca-9f43-a125dedf3b65,2026-01-02T21:07:00.410730,Administração,DROPPED,6.6,72,25
d7ce89fb-224f-48e6-b496-92e633f82d25,2026-02-12T12:36:10.999251,Engenharia de Software,DROPPED,4.9,87,25
f049164f-ceae-4c5f-8fbe-340f51324c8b,2026-03-30T05:43:32.162108,Direito,DROPPED,9.0,78,25
d8db33c9-615f-4403-bf4e-ae7077df46e7,2026-01-11T16:29:01.991968,Ciência de Dados,SUSPENDED,3.9,83,25
9af589a0-fe22-4be4-ae62-b8b74442dafc,2026-02-06T13:01:22.634543,Direito,ACTIVE,5.5,75,100
86f6adaf-a135-4a03-bdca-1f37765ac43f,2026-01-27T18:02:21.477576,Direito,SUSPENDED,5.6,94,50
52f7e4ae-8d92-4241-8e3c-73e33c34e962,2026-02-17T23:53:38.904304,Administração,GRADUATED,7.0,86,100
39749d73-78a1-4d55-9744-23bcee1be37b,2026-03-28T02:47:57.504600,Engenharia de Software,DROPPED,10.0,74,50
29711eb0-13ad-4552-9eb1-a0a4e3e77851,2026-03-28T03:37:13.043080,Direito,SUSPENDED,6.0,81,0
0c3dc2cc-7300-47cd-b51b-cbadc14255a0,2026-01-27T04:54:22.955188,Direito,SUSPENDED,9.6,54,50
a5f7be90-4070-4a19-a7c2-b8a0f0da900d,2026-02-09T17:01:42.065142,Ciência de Dados,ACTIVE,1.6,80,25
3b358d15-3007-4a71-b45b-acf7a36b3b45,2026-01-15T13:40:23.359872,Engenharia de Software,ACTIVE,8.0,86,50
ab812143-1014-469d-bffe-704420790115,2026-03-22T04:14:32.965175,Direito,SUSPENDED,6.9,73,25
2a59c3cc-98ac-4a8b-8b03-52025b5d92c6,2026-02-11T22:41:27.386484,Engenharia de Software,ACTIVE,5.3,55,0
e0bca81c-b1b1-4b99-ad6a-ea9d46e0fefb,2026-03-17T09:38:32.197281,Engenharia de Software,ACTIVE,0.8,53,25
e7f63534-e05d-4223-928f-10e5cf1df904,2026-02-23T15:49:33.839636,Engenharia de Software,SUSPENDED,9.3,72,100
6d46491a-aaa5-482d-8a78-da063a24a450,2026-03-12T01:43:36.117820,Engenharia de Software,SUSPENDED,5.5,73,25
b66ebd7b-0863-4742-82fb-4b2b65182b51,2026-01-26T23:17:41.646685,Administração,ACTIVE,5.5,56,0
5f4cc739-bf6c-4ca8-a040-9cc6984906c2,2026-03-21T12:02:49.635223,Ciência de Dados,DROPPED,5.5,61,25
266c19ca-1902-4865-a230-abf47e6f22d1,2026-01-05T12:46:27.264837,Administração,DROPPED,1.2,77,25
af90a896-f154-4230-b13e-25c7bd34a107,2026-01-12T15:51:17.363086,Engenharia de Software,DROPPED,4.1,82,50
e402dfd8-da01-4040-8164-6369c61a23df,2026-03-10T02:10:13.630663,Administração,GRADUATED,5.5,63,0
201b0e85-6aa3-44d9-a8a1-7071ba0c821e,2026-01-24T14:12:25.009326,Administração,SUSPENDED,5.1,72,25
522b16b4-8542-4b89-b171-874ced92175c,2026-03-22T05:04:14.445423,Engenharia de Software,SUSPENDED,3.2,73,25
d52a1f3b-0e67-4abf-b265-f56e9c625aff,2026-01-12T22:03:03.572044,Ciência de Dados,ACTIVE,7.5,72,25
eb8d5957-c0dd-4236-9afc-8cc1ca538fdf,2026-03-03T05:52:27.419569,Direito,ACTIVE,6.2,57,100
3a1a8a9b-ac79-47bb-a1fd-4ca055dc43f5,2026-02-01T07:13:48.300257,Direito,GRADUATED,7.7,57,100
94a7c600-801c-4b18-a8a0-dec452b9e2d9,2026-03-04T21:00:31.484401,Engenharia de Software,GRADUATED,6.8,79,25
59730cc4-e43a-467a-bd1c-566e13e3da21,2026-03-08T18:48:00.497587,Administração,SUSPENDED,0.5,86,100
8e85bffd-51a0-4720-aa24-e731b701b67f,2026-03-09T13:40:40.333544,Engenharia de Software,ACTIVE,1.8,64,25
8cf65fe5-e13c-49e5-b5a8-e75dbe38b849,2026-01-05T21:44:41.400745,Engenharia de Software,GRADUATED,7.5,90,25
18596c0c-deba-448f-8199-34b4bd5f9934,2026-03-29T04:55:47.688666,Direito,GRADUATED,2.2,86,0
ebef65ec-f9f5-469c-8d1c-a5763e97a96e,2026-01-22T09:07:51.129410,Engenharia de Software,GRADUATED,1.2,77,25
2b26cb9b-5d96-43b2-87ba-9b2027ba02d1,2026-03-30T06:52:00.007552,Administração,ACTIVE,9.2,86,25
dd229162-1e5e-41e0-a043-c2eae2cdbfe9,2026-02-04T16:26:08.885223,Administração,GRADUATED,1.3,80,25
fcac8189-03de-4281-8d2c-f937ad88dae8,2026-02-18T19:29:39.826235,Administração,SUSPENDED,2.9,88,0
134e1582-9909-43c9-9885-2f3a4eef03b5,2026-02-27T20:00:50.355703,Ciência de Dados,SUSPENDED,0.6,59,0
9249f0e1-3577-43dc-9319-664d4632d104,2026-02-28T19:28:25.691371,Direito,GRADUATED,8.4,52,0
d35f092f-b750-4b51-8e92-731c63bc259c,2026-01-04T10:55:54.865948,Administração,DROPPED,0.7,86,0
0583deb3-a72c-4612-b6cc-67da1c1e9399,2026-01-18T17:52:37.650555,Administração,DROPPED,1.8,93,25
adcb9a50-ced6-44cf-a5fc-1846bdee8660,2026-03-17T09:37:22.851230,Ciência de Dados,GRADUATED,2.1,88,0
1be2ff91-40fc-47ac-948d-690d68908984,2026-01-08T03:50:56.592228,Ciência de Dados,SUSPENDED,9.9,74,25
4e8cc17f-e9f8-4211-932d-16dcab060b98,2026-02-23T03:05:53.841500,Direito,SUSPENDED,9.1,97,100
81509c8f-2334-4a63-ab36-91f002c25803,2026-02-13T00:33:28.436182,Direito,DROPPED,8.0,97,100
cd4336a7-879f-452e-9d81-29ddd77db9d1,2026-03-04T10:58:23.038908,Engenharia de Software,GRADUATED,4.0,62,100
0dae0283-182c-437f-b9d9-c8ef444b0d5d,2026-01-11T16:45:39.048857,Engenharia de Software,ACTIVE,2.3,77,100
e1c59948-99a9-4ddf-95e9-3936d14d9af5,2026-02-19T12:58:47.849817,Engenharia de Software,SUSPENDED,3.4,94,50
e098a790-5c90-407c-a837-4bfeaf9f42f5,2026-01-27T17:38:44.129883,Administração,DROPPED,2.5,88,25
7158602c-a942-4036-92bd-433ad8174f91,2026-02-27T14:06:27.172274,Ciência de Dados,DROPPED,3.8,88,50
9d60b0ae-24f5-42c3-bffd-7b5f41f1a0a0,2026-01-21T02:20:40.337742,Ciência de Dados,GRADUATED,8.9,58,0
92eb0704-7d06-4fd1-83a2-d43722e9e32b,2026-01-28T10:59:44.397128,Ciência de Dados,GRADUATED,7.9,98,0
79ac2206-1e8a-4df9-9bb9-94521db06f67,2026-03-14T04:57:21.743638,Administração,SUSPENDED,5.7,97,0
3e00aef0-c2ba-49e3-a5d0-c3da1ae2584e,2026-02-16T16:10:13.339304,Administração,GRADUATED,1.0,99,0
562f75f2-0e45-4876-8701-7892a3283e01,2026-02-05T12:54:06.456743,Ciência de Dados,GRADUATED,2.1,79,0
5f8d00ec-5f49-4802-a271-f5bd17a679be,2026-03-17T10:26:04.497216,Ciência de Dados,GRADUATED,3.5,78,0
c191f897-f580-40a7-9a63-8ab7a9bc3c96,2026-03-14T18:11:17.059468,Administração,ACTIVE,5.4,78,0
9b3ce3d6-aebe-4469-9eba-782993442b11,2026-01-08T17:26:29.562942,Ciência de Dados,SUSPENDED,1.6,82,100
94f79164-640a-413e-aa8d-0b14a617d547,2026-02-06T00:46:11.553396,Engenharia de Software,SUSPENDED,9.4,67,50
43c6d90f-a27b-45b4-86f0-83e9f3a33067,2026-03-08T11:37:11.916640,Administração,ACTIVE,1.7,52,50
504ac840-81d2-4c5d-ab77-cd84b8ce3b6c,2026-03-11T14:30:19.468677,Engenharia de Software,ACTIVE,1.5,98,50
2e78625d-18b6-4292-a7ec-9656e81410ef,2026-03-08T06:15:19.412657,Direito,ACTIVE,3.0,58,25
abd426ab-ddf9-4f5a-a3be-70fd92e3365a,2026-01-31T03:32:28.017462,Engenharia de Software,ACTIVE,3.9,74,25
298c3669-7e98-4d18-a90d-b0edf02c43e5,2026-01-25T18:18:46.986740,Administração,ACTIVE,1.4,76,25
e8136b81-efe0-48a8-9f08-4cbdab48bf33,2026-03-22T06:28:41.581895,Ciência de Dados,SUSPENDED,2.2,87,50
96a07e2c-6eb5-4242-aa57-0e0bf2f8e24d,2026-02-25T14:39:14.015492,Direito,SUSPENDED,1.0,93,50
09da4435-de09-4d5c-a860-225d14dcf5d1,2026-01-30T08:04:20.730330,Engenharia de Software,GRADUATED,8.7,99,25
2587998e-da41-4400-965c-fecbc20d0da7,2026-01-04T16:41:09.138417,Engenharia de Software,ACTIVE,3.5,59,100
fa3fffb7-8cef-480e-bd12-7e0989905f0e,2026-01-28T23:10:48.412532,Direito,DROPPED,9.5,75,0
37650592-3970-4022-b693-bbe79cb98936,2026-02-09T20:54:26.830094,Administração,ACTIVE,7.1,80,25
c50a3db3-4bff-422f-91a8-421f5f573fce,2026-02-28T22:38:54.658046,Direito,GRADUATED,4.9,94,0
7fd84dfb-0092-4839-835d-b5e11df7c19d,2026-03-27T19:53:00.421762,Ciência de Dados,SUSPENDED,3.9,86,50
6282356b-2f3a-47e3-94ba-9a7b8449ea45,2026-01-31T23:36:33.572506,Engenharia de Software,DROPPED,2.0,76,50
224df107-655e-4780-b0ef-266d0f481488,2026-01-26T19:13:41.585441,Administração,GRADUATED,7.1,86,50
2cf74283-57d1-42f7-8a35-93dc61246f37,2026-01-08T18:48:22.240908,Engenharia de Software,SUSPENDED,6.8,94,100
361859d2-b90c-4e59-8067-b67ff68d31ff,2026-01-21T06:54:39.504249,Direito,GRADUATED,1.1,90,100
1339f819-b6ee-495b-946c-cb1745ccdcbb,2026-03-26T01:03:53.623324,Ciência de Dados,GRADUATED,9.4,87,100
f76a774a-90bf-48f9-8e10-d13ac719d991,2026-03-02T20:08:47.772986,Engenharia de Software,GRADUATED,6.5,71,25
3398f9f4-77ca-428d-855e-aeb05b330805,2026-03-09T18:13:06.285517,Administração,DROPPED,1.7,80,50
b480f6a7-3e1f-40d9-9785-21701bf4ffc8,2026-01-25T21:04:41.137199,Engenharia de Software,ACTIVE,7.6,89,100
ae23085d-e27d-4338-b361-79724b89d84c,2026-03-18T11:03:53.298149,Engenharia de Software,SUSPENDED,5.8,89,0
3bc1844b-6b43-42c0-8c78-6caea829f776,2026-02-14T14:06:00.987037,Direito,DROPPED,10.0,56,0
bb83c2aa-7018-41fa-be34-fa273968fb67,2026-02-07T15:26:40.576844,Engenharia de Software,ACTIVE,5.0,94,100
2ce87fe1-96f1-495e-8a3d-1f1478c231d2,2026-02-03T08:01:50.582305,Ciência de Dados,SUSPENDED,1.5,100,50
8a196f7b-7dc1-40b8-bed5-8251d1797a6f,2026-01-13T03:06:28.358116,Direito,SUSPENDED,6.2,54,50
19c46d47-2eb3-4385-a1d1-e13a89fe8776,2026-02-07T11:25:31.842667,Direito,DROPPED,3.7,60,0
d0899ff2-560b-4e35-8c82-ae740bf8dce9,2026-02-06T06:43:19.063821,Administração,SUSPENDED,4.7,67,0
af8ff87a-80b0-442f-b122-052fae9e767d,2026-03-26T09:26:27.010262,Ciência de Dados,ACTIVE,7.7,92,25
9deee60b-8621-42be-9988-8c9fd0e6ff71,2026-01-12T22:23:58.965370,Administração,ACTIVE,4.5,77,0
57ac3c3f-e6af-4b0e-ad24-7c8c82b11c3f,2026-03-28T04:12:20.441471,Direito,ACTIVE,2.1,81,50
b278c72a-e4f0-44ef-bf9f-559b89a28c30,2026-01-07T17:34:57.317632,Engenharia de Software,SUSPENDED,1.8,51,25
b947e0fc-0cf1-491f-8ee8-96254bd064ac,2026-02-19T01:02:53.709498,Engenharia de Software,SUSPENDED,0.7,51,25
32202275-adcd-4931-8517-809f806b3563,2026-02-11T23:02:10.963851,Administração,DROPPED,2.5,82,100
45701fd2-240a-4a1a-ab87-c9da4f33d93e,2026-01-03T17:40:21.348056,Administração,GRADUATED,0.8,100,0
bb58a3be-08a1-413b-9ebf-92ec32c2e317,2026-03-01T10:13:28.669834,Direito,GRADUATED,1.0,83,50
3ce2d444-acc6-44b6-85ed-7df4cccc8f33,2026-02-12T21:00:10.114308,Engenharia de Software,GRADUATED,3.9,88,25
88da2a4f-3459-4d8a-b2c8-e2bd96fa62a2,2026-03-01T10:46:18.789502,Engenharia de Software,ACTIVE,6.9,100,50
7d6b6d2b-7eef-46bd-8e35-6a7a2e6c7886,2026-01-23T20:44:18.462147,Ciência de Dados,DROPPED,1.1,83,50
501f2408-2347-4cfd-960f-f1dd0e5403a6,2026-02-22T17:27:30.498592,Engenharia de Software,GRADUATED,9.2,96,25
f22f8a09-a0cb-4b92-952b-23824ad36438,2026-01-25T19:42:24.610177,Direito,GRADUATED,2.3,50,0
23be7127-5237-42a2-924d-57ab9fdd5db7,2026-02-06T09:16:21.271955,Ciência de Dados,SUSPENDED,4.6,54,100
4a6617cf-67e6-4d69-a947-673f31ee62ef,2026-01-29T00:32:23.864870,Ciência de Dados,GRADUATED,8.2,70,25
7029ae55-5263-4e91-a355-52c313afa114,2026-03-02T10:28:02.086912,Engenharia de Software,SUSPENDED,5.3,77,25
c431ebed-0212-4417-adfa-e01238da99ba,2026-01-13T07:14:26.328283,Ciência de Dados,DROPPED,4.4,51,0
3be010d7-9cb9-4563-8d2e-fccfc4b207f0,2026-03-15T04:50:26.585502,Ciência de Dados,SUSPENDED,6.1,93,50
f9e6bd1d-8f83-4308-9e02-5ece58594181,2026-01-13T20:31:49.106025,Ciência de Dados,DROPPED,0.2,68,100
abf70dd2-2f82-4122-bb23-c3288ee39219,2026-03-16T16:39:22.008915,Engenharia de Software,DROPPED,8.5,79,25
76adc3a7-10ff-41ce-9608-2607b715c100,2026-02-04T18:14:26.418221,Administração,SUSPENDED,9.0,82,50
489cd350-37f5-4fdc-9d23-026aa465f991,2026-01-16T06:12:05.541095,Administração,GRADUATED,2.9,84,100
fe9cf0c9-9239-49d1-900d-d31bee0deecc,2026-02-13T10:33:54.371607,Direito,DROPPED,6.2,50,25
ef526bb0-bc41-44f1-9ca4-90057192d277,2026-03-06T04:25:30.888651,Direito,SUSPENDED,5.0,50,0
4f5ef720-c93c-4925-af76-f9cf077fafda,2026-03-19T12:34:45.565879,Engenharia de Software,GRADUATED,0.3,50,0
b3443fb0-a6aa-419f-a51d-ac98222b8d86,2026-03-24T23:27:56.747666,Administração,ACTIVE,2.9,59,100
5647a996-dc12-4949-8b55-d55f478e6bd4,2026-02-11T15:48:39.150003,Administração,SUSPENDED,9.9,100,50
ef72e8c2-352f-4f74-96b5-5d045a5650a2,2026-01-28T15:38:04.847980,Administração,DROPPED,2.2,52,100
bda6c888-af2b-4a7c-90a5-5d5614e72e6a,2026-02-12T04:52:23.604494,Ciência de Dados,SUSPENDED,9.5,59,0
7cd5d1f5-60ef-496e-b7f0-8440ca9fabef,2026-03-17T18:37:34.416481,Engenharia de Software,ACTIVE,9.4,81,25
711d34a7-ed21-4b71-a02c-1fba07427654,2026-02-09T19:34:46.018764,Ciência de Dados,ACTIVE,8.6,70,0
3cd9b469-2f8c-4e38-bc61-80ee453dcf46,2026-02-21T06:26:39.345893,Engenharia de Software,GRADUATED,4.6,86,0
604029c5-a90f-49d5-a816-a8ee97b3f55f,2026-03-03T02:32:04.230526,Administração,ACTIVE,5.2,97,50
2b1b237f-1d50-4996-bfcb-a8301d07b87b,2026-02-09T13:33:17.684939,Ciência de Dados,GRADUATED,5.7,55,25
9d3e767e-ee04-47be-a829-7376f0e1a1d8,2026-02-09T13:42:10.430420,Administração,SUSPENDED,9.6,67,50
8c2cca68-c7e8-4035-be12-5ff4e689ba0d,2026-02-12T20:18:05.744111,Ciência de Dados,GRADUATED,6.0,55,25
296bdf89-0f16-4687-8853-b53ab53df1a5,2026-01-09T07:47:08.548332,Direito,ACTIVE,3.1,98,0
9557d9d1-825e-4d32-bdc3-ebed42e4053b,2026-02-24T07:20:01.186185,Engenharia de Software,SUSPENDED,6.6,73,100
c94cadd5-51f3-44f2-887e-1dc1028e08d6,2026-01-04T19:42:21.898157,Direito,SUSPENDED,8.3,77,50
6e3204d8-e577-446f-9c58-0caab126e8f6,2026-03-20T00:38:39.466663,Direito,ACTIVE,8.1,73,0
2d556675-c178-4e78-9abf-ad753fdf83bd,2026-01-04T13:51:14.988431,Engenharia de Software,SUSPENDED,0.8,96,25
78c875bd-ef58-48e8-b7fc-a018674faeed,2026-01-27T17:02:21.228799,Engenharia de Software,DROPPED,6.0,53,50
197b1916-137c-49d2-91fb-9b53f6e36ede,2026-03-10T12:35:11.595608,Engenharia de Software,ACTIVE,2.6,83,25
dcacae44-98a2-4063-8dc0-3e998cfa0b61,2026-03-02T04:43:05.701432,Administração,ACTIVE,10.0,96,100
01578fac-867d-4e58-8e6f-0f9f1474719c,2026-02-06T20:06:11.954696,Direito,ACTIVE,1.2,96,0
a69ed769-3f13-4b8e-b3c5-bb193439f20b,2026-01-08T22:31:28.133208,Administração,SUSPENDED,6.3,88,0
b6a45eef-706b-4148-a0e7-8778b3b5bdb7,2026-01-14T10:43:03.735934,Ciência de Dados,GRADUATED,3.4,64,50
0f129cac-a010-4890-8ffb-8974a813a910,2026-03-15T17:15:29.263760,Engenharia de Software,GRADUATED,9.6,81,25
12a4f4c0-83b0-43d2-84e2-929e0c5a2fe5,2026-03-20T23:42:09.645402,Ciência de Dados,DROPPED,2.2,70,50
2096a324-829f-46f2-8846-7088a08f5eb0,2026-02-21T22:20:36.460005,Direito,ACTIVE,9.3,68,100
0abb4177-a2f3-4307-bb2a-45efa7be2026,2026-03-01T13:39:26.523468,Ciência de Dados,DROPPED,3.2,92,0
cf815714-f45d-41eb-9c12-289c3f9996f6,2026-01-14T03:01:44.815318,Engenharia de Software,ACTIVE,6.3,74,50
63527d27-a8ff-413e-b584-2d1a2b667325,2026-03-01T23:53:15.105108,Direito,DROPPED,1.7,80,0
de4f49de-2a09-4ebf-a289-9f06a059f1ab,2026-03-18T23:14:22.868426,Administração,ACTIVE,3.4,84,0
bd92d7f2-e37e-44f4-8421-7a55a0499a43,2026-02-08T02:37:13.574002,Administração,SUSPENDED,8.9,95,0
c22a5d73-883a-4add-8133-a78c3ef05249,2026-02-04T23:47:50.450347,Direito,SUSPENDED,5.0,98,100
c27c5439-eba8-4182-9b64-5252f01c7ec9,2026-01-09T07:42:56.991693,Administração,DROPPED,6.2,73,0
9ade9ce1-024f-4c76-abdb-85b92da3d5e5,2026-02-19T19:38:29.855360,Ciência de Dados,SUSPENDED,3.2,79,25
aeedd0a6-3edd-455d-8e38-bbed7fb015e0,2026-02-14T13:08:56.263099,Engenharia de Software,ACTIVE,7.4,83,100
2fd0c1a6-abcf-45f7-a1c0-5cb91033c2f0,2026-01-25T07:01:22.144470,Engenharia de Software,GRADUATED,0.0,92,50
940d1839-8977-4713-b940-2e91c088b7ad,2026-02-26T16:48:55.818548,Ciência de Dados,ACTIVE,3.7,54,25
a957e1d5-d64b-4adc-a6f5-252467412db1,2026-01-25T12:28:48.171152,Direito,ACTIVE,7.6,53,0
ca8a53d5-cef3-48c0-896a-8aa05e4f07ad,2026-02-03T06:53:40.407938,Ciência de Dados,DROPPED,7.8,88,100
5e23d2f2-3a3b-4de6-a562-562abf20b4f4,2026-01-29T03:37:55.878564,Engenharia de Software,DROPPED,6.8,62,25
62df42ba-6f81-4514-bcee-7b119333d31e,2026-02-01T16:26:31.926365,Direito,GRADUATED,4.4,77,25
956e3f76-5c39-44c8-bc89-7d8ca3ae2ffa,2026-03-20T10:04:37.441871,Engenharia de Software,ACTIVE,5.1,84,0
783017fd-d672-4f34-ad27-787e53b4e866,2026-01-02T22:01:42.616852,Ciência de Dados,ACTIVE,6.4,65,25
5718d291-1256-4387-90ef-093794c013f2,2026-02-18T10:37:19.739749,Direito,ACTIVE,0.9,73,50
3739150d-ceb4-4a0e-882b-b8d5da411e2b,2026-02-14T22:35:32.881181,Engenharia de Software,SUSPENDED,0.2,100,25
a9a965e0-1d4f-4339-8f23-411956757cb9,2026-03-18T04:57:09.060819,Administração,ACTIVE,3.3,66,0
64ed1b2c-90f8-4dd2-aaa9-c55d84e88b5d,2026-03-06T22:50:42.012419,Ciência de Dados,DROPPED,0.9,99,50
1916004c-fe55-4c6b-86a0-ffadc557eaa0,2026-01-15T06:32:36.422201,Direito,ACTIVE,6.3,69,50
121e2a8c-7135-4e9b-9b70-9b8de41c17d0,2026-02-10T14:21:19.099717,Direito,GRADUATED,9.0,97,50
b7c39f89-146e-4a38-b3a0-f748bc98874e,2026-03-14T07:59:44.588726,Engenharia de Software,GRADUATED,7.0,95,50
522bb7dd-fce3-4afd-828a-550dec6e1389,2026-01-27T20:21:17.056046,Ciência de Dados,GRADUATED,5.6,100,25
ac93cbf2-36b4-46bb-916f-fa194de3b7b2,2026-03-07T07:44:05.039472,Ciência de Dados,DROPPED,4.8,90,25
c4112c58-c469-4931-ae43-c71ae3936f31,2026-01-10T18:52:02.720954,Administração,ACTIVE,8.2,80,0
8bb7ee77-12d1-47e3-82cf-ae694ea8d1b2,2026-01-21T09:45:47.479926,Direito,ACTIVE,7.8,67,25
f976acb7-c91b-4a5e-9fd7-9215a980d570,2026-03-05T23:22:19.359313,Engenharia de Software,ACTIVE,3.1,93,50
9649a998-3a8f-4196-857c-a37d845fe861,2026-02-07T11:51:14.860530,Direito,GRADUATED,9.4,90,25
5384f44d-59cf-47e8-bc32-44d533d39de6,2026-02-25T23:15:52.403435,Ciência de Dados,ACTIVE,3.8,100,100
fc2350d2-2cbd-4e95-b43c-86c8205f32c6,2026-02-20T16:05:42.969610,Administração,ACTIVE,9.5,90,50
47f3753a-75af-402b-99c0-7759c7983bea,2026-01-08T22:26:13.171812,Direito,GRADUATED,0.8,98,25
5ef66905-7862-4141-bf9d-3a32f4bf5ba7,2026-03-25T22:57:45.768385,Administração,DROPPED,6.1,76,0
65b3331d-ef05-4faa-bca2-4f7000d2dd8e,2026-03-03T13:04:05.082912,Direito,GRADUATED,1.7,82,50
f804d7df-e9b5-4fa5-be39-705c1d794e31,2026-03-06T19:54:01.157810,Ciência de Dados,SUSPENDED,4.9,95,25
3483c68e-14c8-46a4-a660-4c8a229476a1,2026-01-04T21:30:11.415560,Engenharia de Software,DROPPED,1.0,71,0
94fc10a8-26b4-47ce-96d4-21ba0ea45e96,2026-01-27T17:36:02.360083,Engenharia de Software,SUSPENDED,7.5,97,25
419e0943-fe45-4d68-8eb5-53a4e11937b8,2026-02-10T12:45:02.214325,Ciência de Dados,DROPPED,4.0,71,0
485d7825-dd63-40a6-bebc-3f221dd0646a,2026-03-24T22:45:04.317257,Administração,SUSPENDED,8.0,77,0
81be7304-f556-4cfa-8ef2-19f419dabff9,2026-03-14T03:13:08.645084,Engenharia de Software,SUSPENDED,0.0,64,0
a32265d5-3ff5-4775-9d6c-76f0a42283c3,2026-03-19T17:31:40.461188,Ciência de Dados,SUSPENDED,5.3,51,100
b4ef49db-feff-45f3-bfa5-3a6f84d4cc80,2026-03-06T17:35:07.741552,Administração,DROPPED,4.0,90,0
a0e3c681-e481-4830-a2c1-111055a3d9d0,2026-01-14T06:49:22.036338,Direito,GRADUATED,7.5,80,0
2dcd7fcd-5608-4b26-9c30-a4790e55b8a7,2026-01-25T10:27:30.400681,Administração,GRADUATED,9.3,63,25
86926127-fbf3-4802-a9b5-14ab1f8c1a1f,2026-02-10T23:44:34.432215,Ciência de Dados,GRADUATED,4.1,90,0
d8ac2355-7025-4d72-881d-03aec323225a,2026-02-20T20:00:55.039310,Engenharia de Software,SUSPENDED,7.0,71,100
e177f831-f69b-41f0-b4a5-b9784830e4b1,2026-02-28T04:01:40.417267,Administração,GRADUATED,3.7,83,0
931c9abc-e63c-4696-b24a-819326796a0c,2026-03-24T17:27:30.512541,Administração,SUSPENDED,2.7,53,50
77ce4b1c-a16a-4335-bf64-38a247b36564,2026-01-24T18:13:17.821188,Direito,SUSPENDED,0.0,55,25
c431c5c0-ad00-4666-b55d-8dd76e5777ff,2026-01-18T19:18:07.475734,Ciência de Dados,GRADUATED,9.2,75,50
7d7bec41-0c73-434d-9f5d-821763424cd1,2026-02-23T07:12:03.662725,Engenharia de Software,SUSPENDED,7.6,75,100
bdf39182-7f27-44d8-9635-428d87236cf4,2026-02-16T14:09:13.964441,Direito,GRADUATED,9.5,79,100
cc251427-44f3-4f34-bf88-a4a02a88810a,2026-02-05T00:18:17.090350,Administração,ACTIVE,2.6,84,100
3b7e8bf1-6bdc-4c50-af81-e7adad40bbae,2026-03-10T23:39:37.782879,Ciência de Dados,ACTIVE,7.2,56,25
3e60cef6-c8b0-468e-b8e2-eebb9f2a59de,2026-02-08T08:48:46.119999,Engenharia de Software,SUSPENDED,6.5,93,100
b142d28f-f42b-4c73-a399-1c04e4899bae,2026-01-02T22:02:00.167367,Direito,ACTIVE,9.3,79,50
355b4207-4baa-4257-a75d-c894da31d4d0,2026-01-11T11:21:56.762242,Direito,DROPPED,2.3,51,25
7dc9dfdf-baba-4d65-b03c-a096884c0fde,2026-01-15T20:27:23.020084,Direito,ACTIVE,3.7,73,50
26ba10ad-b339-4733-a456-01d7ebb88891,2026-02-28T10:31:05.691344,Direito,DROPPED,5.8,85,25
49e35922-8796-4f0b-9af4-86d5bda3a6c3,2026-03-20T21:37:15.936180,Administração,DROPPED,5.1,87,25
b7eeacf9-1d92-4aad-917a-2a80b5709322,2026-03-11T18:58:38.731359,Engenharia de Software,SUSPENDED,4.6,62,50
ea8691c2-fd2b-4b6c-9468-7987a953a360,2026-01-28T06:34:22.639070,Engenharia de Software,ACTIVE,7.5,50,100
1a1b098a-4425-4a1a-804d-fbbe2b155150,2026-01-22T18:24:01.955559,Engenharia de Software,SUSPENDED,1.4,50,50
4fc13c3c-9296-4c0e-afad-baf4c152f70d,2026-01-07T22:30:54.414716,Engenharia de Software,SUSPENDED,4.3,73,100
e0e7ee06-144d-4a3a-bfdc-0387a55f841c,2026-02-24T02:23:07.242867,Ciência de Dados,ACTIVE,4.8,64,50
3c772ea8-c543-4e9c-897e-d28701cce421,2026-02-24T19:13:46.867764,Direito,DROPPED,7.0,76,100
69f3e1a3-a18a-4f6d-95d4-fc47a566c99d,2026-03-02T00:38:52.041617,Engenharia de Software,GRADUATED,4.2,99,50
5b7b5a5f-81c5-4ee9-8447-5297ca11e8bd,2026-03-16T18:50:31.015059,Engenharia de Software,DROPPED,0.7,76,25
1d3fbb96-1797-4b3f-a6a9-dbf02287ac79,2026-03-12T01:58:51.469375,Direito,DROPPED,8.1,86,0
a41f5eff-1873-46c3-9171-d149a4d73e0e,2026-03-02T11:39:40.147197,Administração,ACTIVE,2.4,90,25
1f262294-0f87-4f1a-b8a7-faca8aca3405,2026-03-03T06:18:16.311664,Ciência de Dados,DROPPED,2.1,50,0
184a079e-4e71-4af6-8bd2-0a4c9aa87203,2026-01-19T01:21:20.207666,Engenharia de Software,SUSPENDED,5.5,55,100
74f8ab89-cb0b-4eef-a06d-21a3998b5888,2026-01-15T17:11:05.332139,Direito,ACTIVE,2.9,64,50
a71a1084-19c6-4ed8-8d1c-c50870c5dab0,2026-03-01T20:22:21.097488,Direito,SUSPENDED,7.9,100,25
94b03802-0f9f-443f-9bc4-eb3b81097d41,2026-01-18T06:01:07.236967,Direito,DROPPED,1.4,74,100
d2830a77-4397-4a86-b81b-17cf561ae5a5,2026-01-14T12:05:29.937198,Ciência de Dados,SUSPENDED,6.8,99,50
35ecc19c-ce7b-4abb-b63b-2d89abf04e25,2026-02-01T09:33:19.491311,Administração,SUSPENDED,7.4,51,25
8ee41f56-c9d4-4aaf-91c2-a8444899d4f7,2026-02-09T23:17:05.976728,Direito,ACTIVE,7.4,95,0
cd2e08f1-ad30-40ac-8db2-187f90e6845a,2026-01-28T05:03:31.045892,Administração,SUSPENDED,8.5,71,25
b0d35d65-b9ba-47b4-83fd-e5da936aeb7a,2026-01-27T05:02:19.731717,Ciência de Dados,DROPPED,8.4,87,0
c055908a-eaae-4388-9e35-48f22ec0ffc2,2026-03-21T00:38:46.382851,Engenharia de Software,DROPPED,2.4,67,50
387986f8-a4e5-45c6-8f2c-872a61fd4e9e,2026-02-27T08:37:10.606540,Engenharia de Software,DROPPED,5.0,100,100
bfd7855c-8fee-4504-b4b2-d2cfb607706e,2026-03-07T13:51:22.141330,Administração,GRADUATED,7.0,99,100
ad126ff4-1bcc-471c-ba76-9a35e8e3c66d,2026-03-23T14:10:27.331023,Direito,GRADUATED,9.4,58,100
21f06524-9814-458a-90e8-a6f43ca70914,2026-01-18T18:33:02.558087,Ciência de Dados,SUSPENDED,3.8,60,25
f88f0ad0-9efc-48cf-963c-15737687d644,2026-01-19T10:28:42.805342,Ciência de Dados,DROPPED,6.1,58,50
c225b38b-3368-4856-a7c1-1cd44d3ca8b1,2026-03-13T20:27:08.068797,Administração,SUSPENDED,6.0,83,25
65b207f9-fd99-406b-80a8-57cdade1c570,2026-01-24T15:45:12.607924,Engenharia de Software,GRADUATED,5.2,85,100
2192e98a-714d-467f-aa22-80510b338cfe,2026-02-22T15:35:18.085432,Administração,ACTIVE,1.7,51,50
c9bca1b5-39d6-4a54-bf12-568414969dfe,2026-03-04T05:34:36.092577,Ciência de Dados,GRADUATED,3.1,84,50
ae549143-9c83-45e9-a926-8c8f097d88be,2026-01-30T20:47:44.799994,Administração,DROPPED,3.4,88,0
ad980db5-6f80-4bcd-8775-13e59b9db002,2026-03-19T01:04:35.309155,Direito,SUSPENDED,6.9,95,50
475d96df-db3b-473c-b5e5-1fa07f57024f,2026-01-23T00:24:03.097530,Engenharia de Software,ACTIVE,6.7,90,25
adfb5bb7-3a4c-409a-b94b-4ca23672c0ab,2026-03-08T06:32:13.388064,Direito,ACTIVE,4.7,91,25
0db942ff-87ca-4ca5-b610-0175733ca506,2026-02-28T17:34:09.999980,Administração,GRADUATED,8.5,82,25
45fd3c9f-b68a-4c3a-9954-a23b6eb17622,2026-03-28T03:52:16.729732,Direito,GRADUATED,7.8,60,0
63d90c4b-6c6f-487f-8000-b568b15ade15,2026-03-01T06:30:04.322019,Administração,DROPPED,6.8,91,0
319f1b4e-a73b-4170-9346-317844f8a5bd,2026-01-23T15:15:40.574737,Direito,GRADUATED,1.3,76,50
07e7a5c0-621f-4bc8-aae1-e913e39dc1a4,2026-03-08T20:07:45.266064,Administração,DROPPED,8.4,95,25
522fe982-c317-4441-a48d-5246c75b862a,2026-01-04T07:37:49.234419,Ciência de Dados,DROPPED,10.0,59,25
78e80b96-f197-4d64-8c74-a92540d08b25,2026-03-03T21:57:21.284436,Ciência de Dados,SUSPENDED,1.3,74,25
75892442-a4ae-4d83-a8cf-1fee20769878,2026-01-11T05:15:14.437720,Ciência de Dados,SUSPENDED,2.1,84,100
d29a188c-6607-4310-8cb5-fcc6e9e8a13a,2026-03-25T18:27:15.472265,Direito,GRADUATED,7.4,64,25
4e70e3e5-b715-419b-b58b-a44360b2e074,2026-01-14T06:47:42.563342,Ciência de Dados,GRADUATED,9.8,88,100
ea0e7930-2940-4a2f-8d8c-acfc430dda85,2026-03-17T17:10:12.485337,Administração,SUSPENDED,8.2,81,100
8344f2d5-4bea-4d1d-9856-8d41d32e7c6a,2026-03-09T02:14:09.811772,Administração,ACTIVE,9.8,51,100
0db92bbe-c1d3-47eb-9b33-2e9bc050e952,2026-03-01T07:07:59.695968,Ciência de Dados,ACTIVE,0.0,68,25
f23ad4e6-aea2-4c19-b6ec-e40270c205c5,2026-03-18T11:15:36.713417,Ciência de Dados,GRADUATED,1.5,54,100
12afd1c1-62bf-4f25-820c-53f40f9dfd00,2026-01-31T22:13:40.171275,Engenharia de Software,GRADUATED,0.5,73,50
03b596ba-60be-46fc-b580-a09647db9492,2026-03-01T17:16:53.036144,Direito,GRADUATED,7.4,94,50
28b390c6-2467-489c-a4b1-733114f9884a,2026-03-13T15:19:26.557014,Administração,SUSPENDED,6.5,57,50
e2a77063-c8f8-4181-bf6b-ce40bd43fd12,2026-03-04T21:29:15.654539,Engenharia de Software,GRADUATED,6.8,51,25
a3c14b6d-959e-4f99-9cc2-06c9bccca334,2026-03-06T13:01:18.314372,Ciência de Dados,SUSPENDED,5.9,64,0
56cdfcc8-4310-47b9-a062-f297c66f9a7e,2026-02-01T11:40:59.312469,Direito,SUSPENDED,7.3,56,50
98b6a505-0b99-4c55-8958-fb40540a8772,2026-02-07T11:15:38.458721,Engenharia de Software,DROPPED,5.7,98,50
795a9eca-35a6-40a1-8024-5574c05b5d7a,2026-01-12T07:17:51.326949,Direito,SUSPENDED,9.8,73,0
d031fb03-b1b3-409b-bf41-ce713520ae79,2026-01-13T21:14:45.808619,Administração,SUSPENDED,7.3,80,50
f54f1aa9-2249-4587-a721-b165e5ea7c32,2026-01-19T12:43:25.109174,Direito,GRADUATED,1.1,55,0
5ff91196-cf77-42ed-a89e-3e8810541051,2026-03-04T17:44:59.280529,Ciência de Dados,ACTIVE,5.2,85,100
09a5986b-629b-44bf-9ae6-6fab1ce6fcd0,2026-01-26T20:42:35.024806,Engenharia de Software,ACTIVE,2.2,59,100
76e65526-0c86-4d69-bccb-bcb82bc37584,2026-01-15T20:01:47.391599,Ciência de Dados,GRADUATED,0.8,95,0
b2d6fb04-29db-4d7e-af0a-7af1636a873f,2026-03-04T16:00:31.810576,Administração,GRADUATED,4.4,100,0
1ba7a9b4-0a01-4d99-8b95-9896eee53175,2026-01-24T18:54:31.572528,Administração,ACTIVE,9.8,62,0
da754d6b-bc55-478f-bccc-df3661bc4ec2,2026-02-09T09:26:47.535393,Engenharia de Software,GRADUATED,0.0,92,0
ef506a4f-e154-4c14-8a92-7a893e5e4256,2026-02-09T15:59:24.268982,Direito,GRADUATED,3.8,52,0
0fcebe76-fa52-498f-852b-ab5c5adf9eae,2026-01-13T06:25:18.809453,Engenharia de Software,SUSPENDED,2.5,80,50
6a503e8f-a00a-4ae7-a72e-d6aa68e089ba,2026-02-03T00:42:23.755739,Ciência de Dados,GRADUATED,3.0,96,100
3d3c288e-f53e-4609-96ba-9a2a3bc04c5c,2026-02-02T22:39:19.266740,Engenharia de Software,GRADUATED,6.2,93,100
0999f76e-11ef-4746-8598-aeeedaaaf070,2026-01-19T12:10:17.012985,Administração,ACTIVE,5.4,52,25
0de4dc98-d05a-4225-8db8-658a97414a22,2026-01-14T23:20:39.007818,Direito,ACTIVE,7.5,70,100
f98654ed-f05a-402b-89cf-407ef7e6faed,2026-03-07T23:50:33.736287,Ciência de Dados,DROPPED,1.3,72,50
27a03806-f950-4614-bf66-458040ddd1c4,2026-03-23T13:33:06.254422,Direito,ACTIVE,9.8,98,50
ff2db8bb-0d60-4a6c-80b0-46d1e34b01be,2026-03-11T07:08:52.896307,Engenharia de Software,DROPPED,7.8,71,25
c1fc4865-96d6-4750-a2f3-4e669f7da4bc,2026-01-11T05:49:35.075301,Administração,DROPPED,1.0,51,0
ee98801a-1931-47b3-820d-3e6621c9ffd9,2026-01-30T16:42:53.160573,Engenharia de Software,SUSPENDED,8.9,52,25
38e6988e-c25e-4ed1-9186-6b188d227bf8,2026-01-23T09:37:43.763610,Ciência de Dados,DROPPED,5.7,66,50
df4b21c1-6163-4949-8508-25b06fdfba66,2026-02-15T08:13:04.750817,Ciência de Dados,GRADUATED,7.7,72,100
25278687-1695-4558-8844-67bc7f671581,2026-02-28T00:09:13.865118,Direito,DROPPED,2.3,51,25
52aaaffd-91c5-4eea-ab8a-91f746f74306,2026-03-21T08:49:09.150884,Direito,DROPPED,2.8,57,25
543d57d5-50a2-4a30-b82f-c29a8f63f80b,2026-02-25T17:27:41.422333,Ciência de Dados,DROPPED,0.0,68,100
6726155b-15b7-4043-8bf8-b311b3e7013e,2026-02-12T21:45:46.501498,Engenharia de Software,SUSPENDED,0.7,89,0
ebb17cb7-b7c6-4454-876b-e2541e1fa46e,2026-01-02T14:19:12.152511,Engenharia de Software,GRADUATED,6.0,55,100
19a477fb-d91e-45be-88e7-01d9af119aa7,2026-01-23T05:32:38.181105,Engenharia de Software,DROPPED,2.4,92,100
68f8c821-fa71-4cee-a378-cb453a23b838,2026-01-23T00:18:09.931683,Administração,DROPPED,7.5,56,0
6a3399d2-5c25-451a-b1cd-ee541a1d6ad0,2026-01-25T23:12:23.414762,Engenharia de Software,SUSPENDED,3.0,63,50
a550af50-75de-4d1c-9750-726dc2bf4dc8,2026-02-28T11:34:17.104588,Engenharia de Software,GRADUATED,4.4,52,0
65b53c2e-6d07-4f86-aae2-6ac87a86dd82,2026-01-11T15:24:37.915442,Administração,DROPPED,9.2,51,0
24a63933-fd61-4f5f-bf51-e99aefdfb8c1,2026-01-16T23:59:06.562826,Administração,ACTIVE,8.9,75,100
5a3b8563-fd5f-4ccb-bb86-f6f7521ac2af,2026-02-19T16:13:00.979278,Direito,GRADUATED,2.5,52,25
137e0398-dc50-4e96-a546-9d084e2c9dce,2026-02-28T11:46:45.559924,Administração,GRADUATED,4.2,71,0
c61c8bb2-d4c3-403a-b241-d336238228e7,2026-02-05T11:53:08.508742,Ciência de Dados,DROPPED,5.3,77,100
a06ced68-9eab-47c4-9927-08cec99a1e81,2026-02-19T20:34:05.441561,Administração,ACTIVE,3.5,97,0
eb926a79-71ef-4d15-a461-23265b61371c,2026-03-14T20:21:42.928613,Ciência de Dados,DROPPED,4.1,54,0
18f52829-fd9b-44bf-ab00-888d86d961eb,2026-01-18T07:36:42.154535,Engenharia de Software,ACTIVE,5.8,73,0
e97359e5-17a6-4616-91a7-a227f0f5fd75,2026-03-26T21:05:12.921265,Direito,GRADUATED,4.9,80,25
daea9ed5-0227-47f6-858f-da3ffeb2bc46,2026-01-26T21:55:57.273344,Engenharia de Software,GRADUATED,9.2,72,50
1ed739e8-9316-466f-b46a-3af53757832f,2026-02-15T08:39:33.040602,Direito,DROPPED,6.0,77,100
f0a580f5-ee70-4756-9831-e038c5bf0be6,2026-02-13T22:28:55.408123,Direito,DROPPED,6.6,54,25
bcca90d9-6c6d-4b2b-bc3a-a23772e71f6a,2026-03-30T00:27:14.488704,Administração,SUSPENDED,7.6,71,50
8ee66173-b7ec-4bf0-a107-6b319f22390d,2026-01-29T02:59:12.915889,Direito,SUSPENDED,5.3,67,25
0c916679-455e-4f37-95a6-39dd14786629,2026-02-25T03:04:30.576609,Direito,ACTIVE,2.3,83,100
682aad7d-07ae-4906-9791-bde513c0bdab,2026-02-16T05:40:28.620374,Engenharia de Software,DROPPED,9.3,59,0
83247380-65a5-4bea-bcdb-511563f0a67c,2026-03-14T08:47:30.686657,Ciência de Dados,GRADUATED,1.8,58,0
b532308a-fe95-4f18-af68-9b40a99a8fd5,2026-03-29T20:51:43.614879,Engenharia de Software,GRADUATED,9.0,80,100
2d9dc903-4fb1-442a-b022-607b3e0886aa,2026-02-07T19:21:23.916309,Engenharia de Software,GRADUATED,2.3,80,0
0b01367a-192b-4ff5-8b11-fc1d67554adf,2026-02-22T23:50:15.709717,Engenharia de Software,ACTIVE,2.2,53,100
5965f9cf-fbb9-4715-9965-efcc55856c1b,2026-02-08T04:32:21.297547,Engenharia de Software,ACTIVE,8.8,90,50
0516eccf-8868-4509-b178-cd8016a4b02d,2026-02-15T12:21:44.737497,Engenharia de Software,ACTIVE,7.7,92,0
e5e82280-ff7a-41b3-b759-b1774a37f959,2026-01-15T20:51:06.200694,Direito,GRADUATED,2.4,61,50
83eea89e-9abb-4dbf-8907-58b194b7b353,2026-03-28T10:06:30.595225,Ciência de Dados,DROPPED,8.5,63,50
7f8d3f29-4624-4acc-8a52-64e24ee02b07,2026-03-24T14:45:19.097558,Administração,SUSPENDED,6.4,84,25
5b721392-f9b3-43e2-99b3-4db85c073a91,2026-03-27T17:31:06.862417,Ciência de Dados,DROPPED,3.8,71,0
165c1fe3-2b1f-40ee-8e03-b685c02fded3,2026-03-01T03:58:23.119468,Ciência de Dados,SUSPENDED,6.6,85,0
997aa271-2030-4cf4-b3ad-61b9ccdafb04,2026-02-28T02:13:41.965548,Ciência de Dados,SUSPENDED,6.6,80,0
878effe1-8c0f-4760-8da7-8074e62e7245,2026-02-14T08:33:28.539347,Administração,DROPPED,2.9,75,100
50b786ea-1753-4d07-8480-f3ac55353085,2026-03-19T14:26:36.059318,Ciência de Dados,DROPPED,0.4,57,25
a5900f0d-1f20-4b3f-8fbe-63a8a78aff3f,2026-02-02T12:57:52.158354,Engenharia de Software,SUSPENDED,4.0,77,50
a75cb25a-25b7-4e3e-a3c1-054ece890d86,2026-01-23T01:06:25.492281,Administração,DROPPED,5.2,79,50
364dde53-fe31-438d-b3be-720ef6933d4c,2026-02-02T09:53:38.302454,Ciência de Dados,ACTIVE,8.0,87,100
08cd0359-9dc1-4a65-8cd8-fcc4980b3bc5,2026-02-12T01:43:09.608199,Ciência de Dados,SUSPENDED,7.0,69,100
d65e6ddd-c68b-4d8d-bba5-084eea00b874,2026-01-18T02:12:21.058036,Engenharia de Software,DROPPED,8.4,50,100
ae819f58-177e-45a4-a166-23446d21e077,2026-01-26T08:33:56.026761,Ciência de Dados,SUSPENDED,3.3,68,0
c0fbab11-3c25-4b52-a5ec-61289954c276,2026-01-05T17:05:15.749816,Direito,GRADUATED,1.2,80,50
787a606a-1558-4b47-9806-bbee59b7080a,2026-01-27T17:44:42.565455,Direito,SUSPENDED,7.5,94,100
d25873f5-3c1d-4e15-81c9-32c930fe13bb,2026-02-11T21:51:46.822382,Direito,SUSPENDED,0.1,89,50
09596869-88a0-4114-862e-0d54e6c4670e,2026-03-16T21:54:52.278771,Direito,DROPPED,9.2,81,100
12fda054-25e3-428a-8238-45391ed531a4,2026-01-13T03:52:01.223500,Ciência de Dados,GRADUATED,9.3,69,100
15f7e42c-677c-4f25-b6e2-484a4d725ff7,2026-02-20T20:18:18.335030,Engenharia de Software,DROPPED,7.2,61,100
5985da6d-f6ae-40ad-a738-96bbf63b2da6,2026-01-10T04:51:23.623104,Ciência de Dados,ACTIVE,7.9,79,0
23c02571-adc8-4f1e-bc96-76eece075874,2026-03-17T05:52:02.400384,Direito,DROPPED,0.9,79,100
d04e129c-5a53-4d5f-b464-50e98a1f20ee,2026-03-13T13:07:31.493116,Administração,SUSPENDED,4.3,67,50
81a76754-843e-4457-a681-f4ea3675a8bd,2026-01-21T01:17:33.651543,Engenharia de Software,DROPPED,4.8,84,25
6d21d9fd-e5b9-4703-8e0a-7ac4123bd721,2026-01-16T03:39:34.019365,Direito,ACTIVE,9.3,79,50
f31c944a-0bb8-45bd-a942-ee5f0d7057c9,2026-01-26T21:11:42.594947,Engenharia de Software,ACTIVE,1.4,66,0
80adb865-6d8c-43d7-b4bf-f6798cf862d2,2026-03-12T11:18:21.780956,Engenharia de Software,DROPPED,0.3,70,25
1eb4ebbc-b061-46db-a077-ce68b422e499,2026-01-15T17:15:46.576731,Ciência de Dados,ACTIVE,5.3,61,100
1cb8f408-1908-4b7a-ad13-641cdfd26355,2026-02-02T03:25:54.006378,Direito,GRADUATED,8.4,70,100
db78e639-2fa7-4090-839b-2ea9810da570,2026-01-24T03:33:46.657338,Direito,GRADUATED,8.2,63,0
b25c7b4b-a809-437f-bcd0-f196010bc233,2026-01-24T09:11:09.912722,Direito,GRADUATED,7.4,70,25
987744bb-a75a-4be4-aace-e645a9cf21d0,2026-02-12T04:01:58.225511,Engenharia de Software,DROPPED,0.7,88,50
943f6a91-dd27-4ed2-9b37-78365649733d,2026-03-08T10:44:23.632006,Ciência de Dados,SUSPENDED,7.6,77,25
691c9b89-4bfc-4a5b-a1aa-65f6c102f358,2026-02-08T06:04:18.186964,Engenharia de Software,DROPPED,1.9,70,100
225dd215-5fc3-436d-a643-6920ba612661,2026-01-21T15:25:55.580712,Direito,DROPPED,1.2,91,0
9bb1dbd2-b6d1-497a-a7de-1484c32d5e84,2026-02-11T16:10:12.235000,Ciência de Dados,SUSPENDED,9.0,96,50
3038de8d-bf37-4db2-acc3-f77912de4b3d,2026-01-18T03:34:52.851924,Direito,DROPPED,1.2,69,50
65633df8-64cc-491f-8d4e-82d9df739f7c,2026-01-20T03:36:01.399245,Ciência de Dados,DROPPED,1.4,79,100
bec3b835-7c84-4ba6-828f-7a402fcdb95b,2026-01-04T17:38:48.902134,Administração,SUSPENDED,8.1,50,0
292f5aba-ba39-47bd-be49-e7a585a6ed8b,2026-03-15T23:53:05.142405,Direito,GRADUATED,5.3,95,0
89063f6b-64c5-416f-a151-28129c61be9f,2026-01-05T07:38:51.837060,Ciência de Dados,DROPPED,7.3,91,25
01da8703-af18-4a35-8ea9-965debce2ff2,2026-02-28T01:09:54.494253,Administração,DROPPED,2.4,72,25
39446dcf-c601-409f-841d-87ef64d5d22a,2026-03-08T15:14:24.934527,Direito,DROPPED,5.1,62,100
a8b7a98e-30f7-41bb-a528-405719ee8452,2026-03-09T15:07:23.356403,Ciência de Dados,SUSPENDED,2.9,79,25
946326cd-6a82-46b2-8526-ba7ee935daaa,2026-03-29T18:49:21.947734,Administração,GRADUATED,6.6,68,100
050667be-6104-43a0-ad2d-5567550bdd70,2026-02-15T18:09:45.535560,Ciência de Dados,GRADUATED,8.6,70,100
350c5900-c433-4c2c-8608-7b9896315a17,2026-01-13T09:39:11.978738,Direito,GRADUATED,1.5,62,0
1e1f1176-4916-4484-96f6-6b6cbf78d65b,2026-03-08T00:56:40.202313,Engenharia de Software,SUSPENDED,4.0,98,0
9f9c7853-658b-4e5e-a7f6-1ec4d9712d04,2026-01-17T07:26:22.977321,Ciência de Dados,SUSPENDED,6.0,79,50
da227fad-91b7-4e50-bc25-0f1ff914b9f2,2026-02-02T06:01:08.597573,Ciência de Dados,ACTIVE,6.3,55,100
2b201b3e-f4f0-43dd-a57d-7c57c921d31e,2026-03-29T23:10:28.201187,Administração,SUSPENDED,9.3,55,100
763a9d10-1014-460d-a62c-be8b6fecf48d,2026-01-25T12:45:30.485283,Direito,ACTIVE,6.7,74,100
d91bbd9b-87d7-4215-8cc4-61e1a178b244,2026-03-11T05:39:10.333204,Administração,ACTIVE,6.1,95,0
7be5d871-e4ec-4a4e-95ba-7aaa027aa396,2026-02-08T04:10:38.575538,Administração,DROPPED,8.7,86,100
6afd26d5-388f-4f40-8d60-813647ce7ef6,2026-02-09T23:53:47.635002,Engenharia de Software,ACTIVE,3.3,55,25
0022c9b1-4533-4d51-a9f1-87a2f35be92d,2026-03-25T06:55:33.708188,Ciência de Dados,ACTIVE,6.4,58,100
29bb79d0-e4d9-4718-abba-d564859051d9,2026-02-27T09:12:13.998598,Direito,DROPPED,9.4,73,0
8a641f64-fa0e-4db4-bf19-776a93696f14,2026-03-03T17:40:15.733953,Ciência de Dados,GRADUATED,7.6,53,50
cae57c40-6747-4b4e-aab8-298707e92afa,2026-03-02T03:38:49.864074,Ciência de Dados,GRADUATED,5.4,86,0
5744fc5f-b68d-49f4-885d-df32c2c9a8b1,2026-02-13T06:12:17.078877,Direito,DROPPED,7.9,59,25
ebe831e4-2ca1-498b-8d20-77c16b643436,2026-01-22T07:31:35.041211,Direito,DROPPED,7.8,94,50
a4af3c9c-b3bf-4e75-8f66-b5e64bf8c26e,2026-01-09T21:21:09.885093,Direito,DROPPED,8.7,94,100
04931433-16de-480a-bbd2-91867cbd261b,2026-03-08T12:28:47.946045,Ciência de Dados,DROPPED,0.5,91,0
2566d8e7-aa67-4665-b224-418ddacbb9f6,2026-01-25T00:39:48.794446,Engenharia de Software,GRADUATED,5.7,100,100
14c764fc-3313-4afb-815d-c0f00d7dfa8e,2026-01-15T17:09:02.067856,Ciência de Dados,SUSPENDED,2.8,50,25
4424ef60-7183-45c3-a09c-774c2fe6a333,2026-02-14T10:05:08.251124,Direito,GRADUATED,9.7,50,50
61b99b6c-8a9a-4622-b04a-a6f197945196,2026-01-20T00:56:15.375454,Ciência de Dados,SUSPENDED,4.2,99,0
8533bd9e-8c3a-4b6f-9e0f-94f4c60779bb,2026-02-15T22:49:51.361979,Engenharia de Software,SUSPENDED,2.0,74,100
65ce34ff-8685-4bde-9e70-262525293ebd,2026-01-11T01:39:32.379681,Ciência de Dados,SUSPENDED,7.4,78,50
feec5f24-14d6-4dd5-ba3a-737cda39aee8,2026-03-03T00:20:08.715402,Ciência de Dados,DROPPED,8.5,88,25
00f6f346-a8ff-4843-b5ef-02787d4d0fa7,2026-02-01T14:26:44.720821,Direito,GRADUATED,9.5,75,100
1ae23db3-eaa3-4387-a61b-0e25fe0ffd66,2026-01-16T00:36:54.507338,Administração,DROPPED,0.5,78,100
a3dddc22-d4a7-4a5c-98fa-a48c979c8b6b,2026-02-21T16:01:09.685797,Direito,GRADUATED,6.2,76,50
714c826e-f6aa-46b5-9d53-f358a053387e,2026-01-22T18:08:53.704234,Administração,DROPPED,6.0,96,25
6ab09c07-64a7-495b-a090-ff214a516eec,2026-02-25T17:38:37.354789,Direito,DROPPED,1.2,78,25
8729fbad-bbf9-40be-94ba-f1cb995bee37,2026-03-17T00:18:27.682085,Ciência de Dados,DROPPED,7.3,69,50
1e823e70-24e1-41ea-82e5-e524469539f9,2026-01-03T07:54:26.872984,Administração,GRADUATED,9.6,87,50
0a2f636f-9e8b-493f-9eff-13fa862d1259,2026-02-07T05:31:10.328542,Engenharia de Software,GRADUATED,3.7,67,100
6aba70ae-63e2-4f27-bb14-5884c6232e56,2026-03-04T17:56:12.903412,Administração,GRADUATED,8.8,52,50
cfc7eac1-d203-49dc-a31f-0006ce663cfe,2026-01-05T23:26:53.263495,Direito,DROPPED,8.3,62,0
7900341b-32f9-4221-b116-c2b4764247dd,2026-03-14T04:10:50.265642,Engenharia de Software,ACTIVE,1.4,57,100
36177d13-9669-4f3a-906d-6c1562d41f1b,2026-03-14T05:18:23.030298,Ciência de Dados,SUSPENDED,7.9,57,0
feb6ce9f-58da-4bd6-986a-b630d59ff9e8,2026-01-16T10:57:40.550863,Ciência de Dados,DROPPED,5.6,56,25
3305e638-7f45-4ed4-ace0-516f9006d4b8,2026-02-02T23:49:46.006298,Direito,SUSPENDED,2.3,92,0
5d175dcc-49bf-42c4-8533-8bbae9c29e77,2026-01-27T04:18:21.224524,Direito,SUSPENDED,3.4,87,50
6b8db8ba-1dc1-4e40-84a0-e5225749d523,2026-02-11T06:41:23.156222,Administração,SUSPENDED,3.7,88,25
fe3003d5-192d-496c-9b72-c924e0ce2e65,2026-03-09T22:49:15.042762,Direito,SUSPENDED,0.4,90,50
964bcb9b-924b-49dc-9635-fd0ff81f449a,2026-02-28T16:15:54.874505,Administração,GRADUATED,8.3,89,50
25712447-e3c2-4508-913c-85f26a293ab8,2026-02-06T01:51:29.268853,Administração,SUSPENDED,4.8,84,0
392c13ba-0f98-4fdc-9c60-63d22a76dea8,2026-03-04T14:32:02.282613,Ciência de Dados,DROPPED,2.5,74,0
1c6e4748-584c-4001-94d5-c37924616dc5,2026-02-25T20:03:24.002387,Ciência de Dados,GRADUATED,6.2,98,50
c86bea07-7073-4879-b76f-1c7b691e80a8,2026-01-12T02:55:35.513939,Ciência de Dados,DROPPED,7.4,60,50
77cce4bf-6b78-47a7-9e1a-30a7cc7354e4,2026-02-05T04:39:31.083377,Ciência de Dados,SUSPENDED,3.9,75,25
13cf28c1-11bc-424f-8a8a-503b8e261d38,2026-03-29T10:58:22.537444,Administração,DROPPED,1.6,74,0
bb32577a-a18e-4a6e-9056-1326a1a9c732,2026-01-06T18:56:13.683195,Ciência de Dados,ACTIVE,5.1,72,100
aaa25274-0c20-4afe-aac4-4042bb0b782c,2026-03-12T05:19:58.147035,Direito,SUSPENDED,8.3,97,100
e2414488-4ea3-4599-b39b-737a3c03b04a,2026-03-26T19:16:44.964165,Direito,ACTIVE,5.5,61,0
6ad94f2c-e4a4-4e28-a1ff-03f3dfeb0f76,2026-01-28T23:03:14.917759,Ciência de Dados,DROPPED,9.8,57,50
8a5472e5-3ca6-43a2-bfd9-aeb2e8cc47e0,2026-01-31T17:32:59.043832,Engenharia de Software,ACTIVE,4.1,98,25
eb29c4a1-b88d-48b0-b95e-5487b00f50ae,2026-03-04T06:36:29.566742,Administração,ACTIVE,9.1,58,50
960e3ca0-4e34-47ed-ba53-7808270e45db,2026-03-17T05:56:52.941668,Engenharia de Software,DROPPED,3.3,93,100
67a8cae2-a7ed-419c-924a-f1bd985a8c7f,2026-02-11T08:14:13.683070,Ciência de Dados,SUSPENDED,6.3,64,0
bae643ba-37eb-45ca-98c2-7efe15b1511a,2026-03-06T09:01:52.810251,Direito,GRADUATED,2.0,61,100
3e78efd1-bdf0-4826-9959-cf4b9a552e84,2026-03-21T12:55:39.701829,Engenharia de Software,GRADUATED,1.6,100,25
066b51cc-dd0e-4c74-86d1-ad26d8c2b2f6,2026-02-18T05:41:00.341923,Engenharia de Software,ACTIVE,6.3,95,50
042fce54-41f5-4272-8ac8-2220f1715d3d,2026-01-26T06:56:41.545833,Ciência de Dados,ACTIVE,0.5,70,0
23bbee6c-c6eb-4af6-9192-1df8b1b723ae,2026-01-31T14:57:27.075975,Administração,GRADUATED,0.4,97,100
36978a58-ef64-4351-8d9a-f6bb046d7b4a,2026-03-27T10:04:00.341926,Ciência de Dados,ACTIVE,1.4,51,100
83d816e5-9bf7-4a4e-96c6-1e4b2c9d90fd,2026-03-12T21:59:44.601365,Direito,DROPPED,5.2,71,25
e592fc6d-7d1f-4852-b167-2f5953f8ceec,2026-01-08T11:01:06.696719,Direito,GRADUATED,3.1,100,50
0e182fbc-b112-44fb-a91d-a09e9737933a,2026-03-01T08:13:32.803725,Administração,DROPPED,4.0,89,100
77255ce7-cfeb-4960-a9b7-fd829fbbd9aa,2026-03-21T13:20:09.233703,Direito,GRADUATED,6.7,53,100
aaa32ef9-2db3-444e-95ec-29a3aa240165,2026-03-17T21:43:03.789764,Direito,SUSPENDED,6.9,50,25
3634700c-8f1e-46b6-833c-ad47a0ae5012,2026-01-24T09:16:59.536841,Engenharia de Software,ACTIVE,9.5,80,25
3e3f2825-80b8-45ed-a5e6-e3e521bf5e4b,2026-01-05T01:17:21.873476,Engenharia de Software,SUSPENDED,7.8,98,25
d6d0a258-e845-4e38-aa87-76d81993ec8f,2026-02-05T15:34:40.272873,Administração,GRADUATED,8.4,89,25
a48e7070-c1ae-4943-8b75-deafb5404207,2026-03-10T02:39:56.991355,Ciência de Dados,ACTIVE,4.6,85,50
28eb4908-5357-4f52-a6a9-b3ee88e4a728,2026-01-14T23:22:50.257451,Direito,DROPPED,3.6,81,25
545a2c0e-9b6e-4aa4-a3a9-c2c030bdade2,2026-01-26T08:46:25.146429,Direito,SUSPENDED,6.3,77,25
758efb69-47ae-4802-9938-4b60a866f70d,2026-01-29T07:24:54.520755,Direito,DROPPED,6.9,93,50
889cdff2-44c5-4574-8e40-6b13206a7388,2026-01-17T04:05:42.281926,Administração,SUSPENDED,1.7,89,25
8552463b-7af0-46eb-a940-d4f65a17ad69,2026-02-15T20:07:00.034945,Engenharia de Software,SUSPENDED,9.6,51,100
691fee4d-37fe-4a84-816f-fbc64b1b9e11,2026-03-09T11:58:04.755745,Ciência de Dados,SUSPENDED,3.6,51,25
bc63a396-86c0-425c-aa2d-84867b5b7296,2026-01-11T23:43:50.710540,Engenharia de Software,ACTIVE,1.1,78,50
d7204c03-d304-4665-aa12-81a0dd05e23f,2026-01-14T18:37:13.971566,Direito,GRADUATED,6.1,85,25
cb2ea666-6d2f-49ef-b0b4-638b9939c886,2026-03-30T11:39:56.028940,Ciência de Dados,SUSPENDED,5.9,77,0
f3163848-6a62-4372-9811-2d37c53502bb,2026-02-25T12:22:04.739569,Direito,DROPPED,7.2,77,100
56f5fa73-1370-444c-a2b0-920c4fa78d6f,2026-02-02T23:31:20.198957,Administração,ACTIVE,5.4,88,50
fb7a100c-0db6-431d-a326-220b5f0f9ea9,2026-02-27T09:47:54.913728,Engenharia de Software,ACTIVE,0.1,53,50
f6fd2db5-e92c-42f4-b4c1-372c28608bc6,2026-01-01T14:58:56.081094,Direito,SUSPENDED,1.0,63,50
6ef2f164-fc1c-4954-a824-49c93cf73731,2026-01-18T22:46:31.936944,Ciência de Dados,DROPPED,9.6,66,100
480c774f-40e4-41a8-bf2d-ef3555ca9f6b,2026-03-07T04:53:45.959239,Engenharia de Software,ACTIVE,6.9,57,100
2c8c7f10-95c9-4315-89b6-dab518a0d1d7,2026-03-06T22:26:27.539636,Engenharia de Software,SUSPENDED,5.5,93,25
7e4ec4f9-616e-40db-9925-88f39e3889f8,2026-03-10T18:38:29.082278,Ciência de Dados,GRADUATED,5.1,65,100
56f1dec8-1af0-45e9-8e0a-b3b84a7dac76,2026-01-04T19:29:03.549238,Direito,DROPPED,4.3,94,25
125a05dc-3e01-4765-a2df-723ead03fb78,2026-02-22T12:28:14.831159,Ciência de Dados,ACTIVE,7.3,77,50
cd1884c8-edd2-4bf3-86b0-b0888b33b366,2026-01-07T05:26:31.289288,Direito,SUSPENDED,8.9,89,50
e6b105e3-18dc-4917-af52-61ed847f0231,2026-03-16T13:12:01.193339,Administração,DROPPED,1.3,82,0
c1f03d2c-23b5-4f1c-88bd-6295fbc2d803,2026-03-20T23:09:47.761605,Direito,GRADUATED,2.8,76,25
b02b07a5-8488-4264-af4a-cf8228304f0d,2026-01-17T20:03:11.089261,Engenharia de Software,SUSPENDED,7.3,87,25
c1840af1-443e-4b2d-b7d4-5a217cd15e2f,2026-03-22T14:18:25.487345,Ciência de Dados,SUSPENDED,0.7,61,25
bf36e98a-ef5f-4d86-9aa2-0f543711fa76,2026-03-29T20:05:30.074016,Direito,DROPPED,2.1,52,0
6fb10a96-9bd7-4434-9d67-b17101cee6eb,2026-01-02T16:42:36.477095,Ciência de Dados,GRADUATED,6.7,87,100
bdf928b5-f118-4d13-90aa-56d2643c1fed,2026-01-27T12:46:01.578852,Direito,DROPPED,9.8,93,25
31c1be2f-fc5c-41a8-a537-5a7bb158aedd,2026-03-21T19:25:30.739542,Engenharia de Software,GRADUATED,0.2,60,100
a702cc07-f9a7-4047-b724-0b459c1d8701,2026-01-22T04:30:20.752805,Ciência de Dados,ACTIVE,6.5,95,100
7085ef87-d933-4a7e-8e4e-beebe605b1f0,2026-02-07T19:20:21.841384,Ciência de Dados,ACTIVE,6.4,72,100
88cc2ad9-7cf9-45e4-b2cc-194551400fd6,2026-02-07T08:30:23.380848,Engenharia de Software,ACTIVE,9.6,67,25
33e167f7-32e7-4333-b0b9-5a2961f8c56a,2026-03-14T01:51:03.324298,Administração,GRADUATED,7.8,89,0
dba7b170-9247-489f-8bcb-f64a6d56b0e2,2026-03-07T03:04:26.917202,Ciência de Dados,SUSPENDED,1.0,69,0
5829acc7-d928-413b-ab5e-43c548dabcf4,2026-03-03T03:28:23.324304,Ciência de Dados,DROPPED,4.0,53,25
eba812a3-697a-44ee-8259-0509b25a6398,2026-01-09T22:22:05.667383,Engenharia de Software,SUSPENDED,6.0,75,25
db1d0641-b256-4a3c-a29a-28a3b398b4be,2026-03-25T09:04:30.556751,Direito,SUSPENDED,0.3,92,0
7acdc034-b5fa-4483-b5c0-2e147f6890b4,2026-01-07T23:14:49.450314,Administração,GRADUATED,5.3,95,25
3b8bf7f8-b2aa-442b-99f8-38220d5deadf,2026-02-14T02:10:42.055841,Administração,GRADUATED,3.3,91,50
eab3f982-b17d-483b-96f9-5684c3512319,2026-03-27T02:40:20.195417,Engenharia de Software,SUSPENDED,8.9,57,100
31d85bdd-f3b7-495f-ba7b-cf5fbf3674bd,2026-01-06T19:27:40.301818,Ciência de Dados,SUSPENDED,4.7,89,50
7f9cecdc-bfd4-44cd-81fc-8181605d5f27,2026-01-04T07:19:11.348936,Administração,DROPPED,1.9,77,50
1db45ecd-86f1-43e2-a895-a5d640ca3a72,2026-02-07T04:21:39.212633,Administração,SUSPENDED,3.4,63,25
8c78bfa6-2841-4aef-b503-5962b1cea7e3,2026-03-26T12:26:51.393193,Engenharia de Software,DROPPED,9.5,55,50
78b54a07-94da-4ba9-bb33-da17175ab38a,2026-03-12T09:10:39.766286,Ciência de Dados,ACTIVE,4.5,82,25
a9907bed-51ed-470a-8a9e-e455d97ba174,2026-03-20T23:14:23.020200,Direito,ACTIVE,2.2,76,50
caa6252a-9886-486c-912f-d44c6a91e61e,2026-02-25T03:43:47.034186,Administração,DROPPED,5.6,87,25
3cca3cff-12c6-4069-9f9f-350c6a0ad197,2026-03-24T06:25:36.958028,Ciência de Dados,SUSPENDED,5.2,94,25
5d7a7506-38e9-478a-8b69-2061adf6a407,2026-03-28T16:39:12.796249,Engenharia de Software,SUSPENDED,2.9,96,50
0f6dbaeb-54f7-4df7-af64-c59c838037a5,2026-01-23T07:57:06.642243,Engenharia de Software,SUSPENDED,8.9,94,25
db7af0c0-488e-4b78-a201-23a437ff8b33,2026-03-16T00:56:48.767604,Engenharia de Software,DROPPED,4.5,78,100
c383197a-5f8d-42fb-8025-7e4db524a1ba,2026-03-15T15:33:19.454901,Ciência de Dados,GRADUATED,4.6,70,25
20e58bbd-990b-474f-858a-18ccd648848a,2026-01-24T17:56:28.654328,Administração,ACTIVE,4.4,94,0
8ece1c44-ba8e-4b88-ad1d-7b747c700f4f,2026-01-09T13:13:14.108768,Ciência de Dados,SUSPENDED,7.4,75,0
ef193037-235a-4fc7-9037-9e88004e94c0,2026-01-10T07:21:28.308289,Engenharia de Software,DROPPED,6.4,80,100
bc5f3f1b-a4d2-4992-a5ec-ff91c0d23c6d,2026-01-04T06:03:52.449299,Direito,ACTIVE,1.2,82,0
bfb7f048-48da-42eb-947c-9109f3202c7e,2026-01-24T10:00:17.593519,Administração,DROPPED,2.0,65,0
eafbefc3-5b30-487b-b232-2c70fe29e9a1,2026-01-23T06:25:57.509023,Direito,ACTIVE,7.8,91,25
e47271f6-803f-4ece-9970-ebf9fd6eafe6,2026-02-21T16:21:58.635202,Engenharia de Software,ACTIVE,4.4,75,100
441c6037-aef2-433b-a320-9a9c076d5888,2026-02-09T00:13:44.407947,Ciência de Dados,GRADUATED,9.6,53,50
63d167d9-1744-4e42-b616-a3d9190009e4,2026-01-24T06:27:56.521044,Engenharia de Software,ACTIVE,7.1,66,25
6d83b9ef-1f2c-43f7-adc5-0ed33296d777,2026-03-13T12:06:44.103368,Ciência de Dados,DROPPED,3.9,70,0
ff46188d-f7bf-45a3-bfe0-60d1ce907a47,2026-01-11T06:54:34.910757,Direito,ACTIVE,2.3,62,25
508274fe-513e-4194-b578-74d5409306f1,2026-02-06T07:36:15.578326,Direito,ACTIVE,1.4,61,50
956d8bcb-cf4f-430a-9118-2c8d3c98349b,2026-01-09T11:21:32.151942,Ciência de Dados,DROPPED,6.9,50,50
0481e8e2-a38b-4936-a1e7-707fd5345998,2026-03-20T16:07:20.052443,Administração,DROPPED,9.2,60,100
2539a0cc-003c-4bb0-83a0-0d730f9eb153,2026-03-16T23:12:15.981428,Direito,DROPPED,7.3,84,50
58728b59-d55a-46f7-bc02-0812004080f2,2026-01-26T16:53:31.821155,Ciência de Dados,SUSPENDED,4.4,54,0
30bbcdb4-3092-413e-9a1b-021c2be48b06,2026-03-21T00:41:00.376514,Direito,GRADUATED,5.1,57,0
ae4d61ea-5079-4b40-9842-631327563431,2026-03-02T03:18:51.494272,Administração,ACTIVE,8.9,57,50
c15968db-3a3b-4896-838d-829a48f2dae7,2026-01-17T05:15:45.306524,Ciência de Dados,GRADUATED,4.1,95,100
a60103ae-8da5-47ff-9f6f-61adbd576be2,2026-01-10T23:19:34.565993,Engenharia de Software,DROPPED,5.5,88,25
256b40a8-b31c-4e20-a747-95b07a00353d,2026-02-24T07:18:40.582230,Engenharia de Software,SUSPENDED,0.9,56,100
9460d2f2-e935-4991-be56-64b49df13121,2026-02-16T11:11:43.424334,Administração,GRADUATED,1.6,87,0
3ca11c4e-a2cd-4529-bd37-61798a872604,2026-02-11T12:06:16.765945,Administração,ACTIVE,1.9,96,50
ef3488ae-83c7-4764-abef-7b166cbc4fef,2026-02-20T15:38:38.157226,Administração,GRADUATED,0.5,99,0
295f6aff-00c6-4d19-87c4-22493fa5b0c9,2026-01-29T12:24:22.959984,Administração,ACTIVE,2.9,65,0
406f3f4d-58c0-47c8-bfb1-c071642469ef,2026-01-20T15:01:16.262646,Administração,GRADUATED,7.6,72,50
1f6f73d1-3c93-4638-a28e-97e7e8752c26,2026-02-05T00:43:59.698434,Administração,SUSPENDED,3.5,78,25
a1088552-2696-43c8-8237-c5bf92c10591,2026-01-07T05:27:26.273993,Engenharia de Software,DROPPED,2.8,54,0
e14bd38e-4df4-4f7b-bcfa-6fd870ec2727,2026-01-03T00:21:31.450471,Engenharia de Software,SUSPENDED,7.0,58,25
f6570e98-882e-447c-bcd8-7cb33296acb3,2026-01-07T13:44:17.099144,Ciência de Dados,DROPPED,5.2,81,25
ac29c778-ccda-40e3-8453-dad1713dd558,2026-01-30T17:14:49.046726,Ciência de Dados,ACTIVE,3.2,63,0
19e7d2af-5c1e-4ab8-8740-763f1579a217,2026-03-27T12:16:41.929412,Administração,ACTIVE,5.5,72,25
7b58e265-39dd-47d7-889d-9f121f37d686,2026-02-20T03:56:49.719602,Direito,DROPPED,8.4,92,25
f161704d-8dda-408e-99e7-7b167d8ce833,2026-02-02T00:16:28.738536,Direito,ACTIVE,6.8,90,50
492fec52-0f2a-4b11-9fc8-d822825ae0a0,2026-01-26T14:40:11.429827,Ciência de Dados,GRADUATED,3.7,78,25
b86f8424-7e07-4d27-93cc-e9b822517d46,2026-03-15T19:09:16.707800,Engenharia de Software,DROPPED,4.8,97,100
97014d5f-e2d7-4bb5-86ab-17c863664167,2026-03-16T18:19:30.490690,Engenharia de Software,ACTIVE,4.3,94,50
c47e6a08-1335-45ff-922c-a1c1c685a596,2026-03-06T05:51:18.702132,Ciência de Dados,GRADUATED,2.5,51,0
72fb18aa-22fa-4671-8654-2b8a1a8965a3,2026-02-12T06:17:36.227526,Administração,GRADUATED,1.7,94,50
65c82771-9282-48b3-bb05-83137fcb2cc5,2026-02-04T01:48:25.744841,Administração,ACTIVE,4.1,81,100
d644ae53-03cb-45fc-89a8-2a8d5b560021,2026-02-28T10:55:20.939388,Administração,DROPPED,6.6,67,25
f9b17165-e997-42d2-ad2a-3ff46659ee9d,2026-02-09T16:45:34.632030,Administração,SUSPENDED,6.2,93,50
e38b8212-e860-45bc-bc02-bad2cb98d4b7,2026-01-13T07:56:22.850102,Ciência de Dados,SUSPENDED,7.0,74,100
df722501-7bcc-4af3-afe0-534735d0f655,2026-01-08T14:15:24.727524,Engenharia de Software,GRADUATED,6.2,85,50
4ffa1b00-d4b4-4e98-897a-1ae2a6145ecb,2026-02-01T04:33:38.252095,Administração,GRADUATED,4.7,53,25
e4e3c616-5209-42ba-bc63-7f8a7062bb92,2026-03-23T14:36:44.965485,Engenharia de Software,SUSPENDED,1.2,51,0
c87c5e48-2b86-482b-aacb-f2ee58db776f,2026-03-03T03:44:12.044547,Ciência de Dados,ACTIVE,3.5,87,50
250d771d-52c5-4656-a90c-233fb7b46a27,2026-01-31T23:55:18.191767,Administração,DROPPED,2.3,69,100
afc9e89e-6eb0-47c9-830c-523f1f1f4489,2026-02-20T18:48:18.925572,Administração,GRADUATED,8.4,59,100
e26fb430-f160-43a8-86d8-f959170b581f,2026-02-27T22:45:34.496882,Administração,SUSPENDED,0.0,54,25
cf1c43fe-5dfb-48f0-82e6-7aaf3236f695,2026-02-18T11:57:15.611417,Direito,ACTIVE,6.8,70,25
9cd0c149-710e-4945-821a-c1832f3b07b6,2026-02-09T10:02:32.049011,Direito,ACTIVE,7.2,75,25
3c04a81e-843d-4446-af62-510aa347667b,2026-01-26T01:23:00.317814,Direito,SUSPENDED,2.1,85,0
ba34103d-c795-4369-afab-94e1c020d58b,2026-02-28T23:33:01.515234,Direito,DROPPED,8.5,73,25
295b9bb2-0df5-45d3-8f9a-35c4838df31e,2026-02-04T22:05:39.393068,Direito,ACTIVE,7.4,77,100
7bb5c49f-05e6-4f21-9a50-a58e6c895745,2026-03-07T14:48:13.532863,Ciência de Dados,GRADUATED,3.2,58,50
ad3690ed-3635-4e69-a927-d2e9d8e9a28d,2026-01-07T03:07:57.639782,Direito,SUSPENDED,9.3,76,100
f2856028-4c5a-4538-9dbc-c2094b60f830,2026-03-04T09:58:57.971585,Administração,GRADUATED,0.9,80,50
c6353208-db25-42a3-9c5d-82f089e51713,2026-02-04T22:44:09.284343,Engenharia de Software,DROPPED,7.9,56,25
35821408-bce8-447b-a88f-e204a65f7729,2026-02-02T12:59:59.403281,Direito,DROPPED,2.9,78,25
40d0bf2a-e04b-4070-a27d-4572ab322616,2026-01-08T19:55:15.471791,Direito,DROPPED,9.2,66,0
87366908-1963-4cd0-a887-e365b07e4399,2026-03-12T13:02:27.459339,Ciência de Dados,SUSPENDED,5.6,67,100
05a49404-0e06-4684-b0a9-9803f460c819,2026-03-06T02:48:42.674020,Administração,GRADUATED,6.3,91,50
787c6f96-3b3f-4c26-b1dd-aea61db6b66a,2026-02-10T16:54:43.122746,Engenharia de Software,ACTIVE,7.8,80,0
70c114ec-dd84-4db8-94fd-20ed75ed6827,2026-03-28T18:15:41.411216,Direito,ACTIVE,3.7,72,25
101705d0-01ef-469c-a533-7427031aad79,2026-01-19T12:30:17.133953,Ciência de Dados,GRADUATED,0.2,88,0
a73cbde3-5ebf-4648-9f4b-7c9a9fbd34cc,2026-03-21T15:30:13.741687,Direito,GRADUATED,4.6,77,100
1462e8c0-84f3-4076-bb32-069b73bf906e,2026-02-02T00:23:59.914815,Ciência de Dados,DROPPED,2.0,97,25
2a676ad2-fed9-447a-a133-150f876898e2,2026-03-05T23:26:23.099711,Direito,GRADUATED,4.7,83,50
cc6710e5-a9a2-4a45-acb9-1f75c5391d70,2026-01-19T16:16:57.287775,Ciência de Dados,SUSPENDED,8.6,57,50
6afcd8fa-3ef0-49a7-a5e8-415ac9916ad6,2026-01-13T09:23:43.566461,Direito,ACTIVE,1.9,83,0
99451a68-f6d5-4b45-a00f-37c89da62078,2026-03-21T23:46:11.184625,Administração,DROPPED,2.9,74,50
f1f4e178-0c43-462e-a122-e39e42a902f1,2026-03-28T14:49:16.844921,Administração,ACTIVE,4.2,94,0
a7b03d72-5551-4bd4-a745-bec2c5bff9cf,2026-03-21T18:02:18.654848,Engenharia de Software,DROPPED,7.7,84,50
2af0b0e0-98ca-4b26-a85b-ed48c66e3296,2026-03-16T17:56:17.372255,Direito,GRADUATED,8.6,96,50
5ae42718-a8fb-440a-a82c-0386d501a292,2026-01-19T22:23:11.233307,Administração,SUSPENDED,1.1,74,0
c98203fd-2445-47da-9fd8-696c23fa4443,2026-01-11T04:29:15.403919,Administração,DROPPED,5.5,100,0
c9cc6e3e-a833-4439-b279-fe4ecc908c5b,2026-03-15T09:17:00.592333,Ciência de Dados,GRADUATED,6.8,60,50
19876ee8-68f1-46d2-8fa7-c9b5e6ed9ee7,2026-01-09T05:31:04.986992,Administração,SUSPENDED,5.4,92,50
e446c471-c6ff-4e84-a4bf-c78ecb80d8c0,2026-01-10T03:26:27.269357,Engenharia de Software,ACTIVE,0.6,74,50
af72a58f-1738-4d18-9b32-12b4a2e97876,2026-01-12T10:04:50.950521,Ciência de Dados,GRADUATED,3.9,84,25
8f633d69-b23b-4ba1-807a-393e8dc6bcf6,2026-01-03T17:56:22.804399,Direito,GRADUATED,9.7,57,25
69fe5361-3ef6-4e6e-a6c9-70d356f720fd,2026-01-06T13:16:23.304293,Administração,ACTIVE,0.6,53,100
b7d1fa9a-7454-4c90-bf69-448643ad0007,2026-03-11T22:50:07.332872,Direito,ACTIVE,3.5,99,0
45f03b35-2b09-4df3-a9dc-bc794de8c6dc,2026-02-17T12:35:00.426705,Ciência de Dados,ACTIVE,0.4,89,100
8ca420cc-3e33-4c89-8341-4ac9b2f47c6c,2026-01-12T20:33:01.637747,Ciência de Dados,DROPPED,4.7,54,25
467bd3e8-9093-49af-8820-fb26fd2501fd,2026-01-15T16:46:55.752480,Engenharia de Software,DROPPED,7.4,86,0
3522362c-f87a-43d1-be1f-293f260e2d4c,2026-01-12T16:57:52.647786,Ciência de Dados,SUSPENDED,2.7,53,0
4c315a4a-e7a5-4cfa-9f89-2c108251af2f,2026-03-06T19:09:43.100439,Administração,GRADUATED,9.1,65,100
47a65a05-ca79-45c2-a421-8ff252c99e02,2026-02-08T03:34:18.444776,Ciência de Dados,DROPPED,6.9,86,0
10329169-56f7-4745-85c7-bafc9f9545fc,2026-01-31T00:44:01.622749,Engenharia de Software,GRADUATED,7.0,51,25
74adaddf-898e-4377-9dca-8e5a93de1c30,2026-01-16T21:09:59.597736,Administração,DROPPED,6.5,60,100
ab68a5ed-f466-4738-bf0a-81fec95b384b,2026-03-12T01:17:55.641246,Administração,SUSPENDED,7.4,71,100
a8d87647-89ef-45be-8cac-3e628d55628d,2026-03-03T06:28:14.290324,Direito,SUSPENDED,7.4,50,0
cfee2573-c17b-4eca-b87b-62755030acab,2026-03-12T01:47:55.568705,Ciência de Dados,SUSPENDED,6.4,92,100
6795e02b-6ca8-4b1d-ae9b-f90b0176f780,2026-02-09T05:56:24.269589,Ciência de Dados,DROPPED,10.0,60,100
808dcd75-417b-4bdd-93b4-e980e523e160,2026-02-06T04:15:18.661710,Engenharia de Software,GRADUATED,8.3,69,50
538e5444-31eb-405a-b5a1-f10be7dc8b21,2026-01-27T09:53:01.513322,Direito,GRADUATED,8.6,55,100
70398b8e-b2fd-4534-aae9-342460941891,2026-02-08T03:04:53.217307,Direito,SUSPENDED,7.3,88,50
e7b5cbb5-87b9-478f-a2bb-e4be97e7ce1b,2026-03-09T14:27:30.792099,Engenharia de Software,SUSPENDED,6.6,79,0
d1ec89df-96dc-49a1-88dc-883db4b2a919,2026-03-03T03:54:12.566734,Direito,GRADUATED,0.8,87,100
d2c4344f-8a84-49c9-9f37-f1f1c18ac720,2026-02-07T07:01:00.717742,Ciência de Dados,SUSPENDED,3.4,80,25
200bc7f3-b8d5-4c0f-bfba-55285fb30636,2026-01-30T11:59:07.569660,Ciência de Dados,DROPPED,9.6,94,100
1d1ef735-2ed0-46c6-843c-e6f7277860ae,2026-01-23T18:40:12.423138,Ciência de Dados,DROPPED,1.9,77,0
4efec4af-f375-4a6c-b1b9-50967666bc7e,2026-03-12T07:40:45.693012,Administração,GRADUATED,2.7,100,100
6b149a59-630d-453f-a966-f7fb731abf21,2026-03-15T10:23:27.909424,Engenharia de Software,SUSPENDED,7.2,82,100
78aa9318-aba9-460a-8690-214386feb650,2026-02-17T08:47:39.292251,Direito,ACTIVE,6.8,57,50
83d94149-7648-449f-b2f7-e73b4835bf6a,2026-01-27T19:00:28.050370,Administração,SUSPENDED,5.1,90,50
732e5fc7-a4d6-4dfe-8889-2cdf41744260,2026-02-24T20:48:55.813348,Direito,ACTIVE,3.5,85,25
7a25b57c-013c-42f2-a83f-6b28f2da790e,2026-03-12T19:11:51.014040,Administração,GRADUATED,8.3,87,50
a8df8f5b-41c6-407f-b267-466e97e01c0f,2026-03-30T03:15:50.755332,Administração,ACTIVE,1.4,96,50
3ea5281b-518d-4f3b-80d3-de3b70041c56,2026-03-23T03:46:28.895961,Engenharia de Software,ACTIVE,2.7,94,25
032456d3-6bc1-41d0-b5fe-cac2ca505915,2026-03-13T15:14:41.397464,Administração,SUSPENDED,6.3,98,100
67f64f37-c521-4307-8023-45764e3c86b5,2026-03-04T05:16:33.881098,Engenharia de Software,DROPPED,4.7,73,100
18e140ec-6dc0-48e0-b651-580d488fe9c3,2026-03-04T10:30:49.949027,Direito,ACTIVE,7.8,94,100
58cda7a6-1e45-4a08-9e24-58322c148187,2026-02-01T03:01:18.228619,Engenharia de Software,DROPPED,6.1,67,25
479d79e3-482c-472a-a55b-49023bc8324c,2026-02-01T10:33:44.965389,Administração,SUSPENDED,0.3,95,25
eceb9977-5d29-4547-8fcc-1145243e9a9a,2026-02-09T16:58:49.198660,Ciência de Dados,DROPPED,2.2,92,25
72404e22-5d93-43c0-a6fd-e3d549aea55e,2026-02-08T12:57:44.107930,Engenharia de Software,SUSPENDED,4.7,85,0
b2bf356c-764d-4117-8240-59b28a7fb251,2026-01-15T19:09:35.111747,Engenharia de Software,SUSPENDED,2.9,87,0
858a0406-d368-4453-891c-36fdd6b3d379,2026-01-01T23:39:13.372086,Ciência de Dados,GRADUATED,8.9,99,0
cec5ba30-89e6-400c-a3f0-5b2e8254c58a,2026-01-28T14:10:32.850191,Engenharia de Software,SUSPENDED,0.5,100,0
08201b9a-d901-4d3a-8a6f-372a1525c7c0,2026-02-13T17:21:13.608811,Ciência de Dados,ACTIVE,2.6,79,25
2ae758e6-bf3d-4f4a-817a-2068004b2e38,2026-03-07T19:04:06.102452,Engenharia de Software,ACTIVE,6.1,98,100
b36984d8-18a9-4ee1-b0ce-dfc4fd4afe75,2026-02-09T04:46:17.632885,Direito,GRADUATED,6.6,54,0
1442383b-6e2b-48b4-ad4c-4284b782a5e4,2026-02-28T22:01:39.917289,Administração,DROPPED,3.1,53,25
a4f90c4e-214a-43b6-bd8b-1531d9eed712,2026-03-14T02:25:44.400124,Direito,GRADUATED,1.2,77,50
b921af00-4a1f-40a3-ac31-69118dd86296,2026-03-17T09:16:00.731604,Ciência de Dados,DROPPED,10.0,72,50
f155690c-2e7d-486a-9cba-2f7d779a7ded,2026-03-13T14:24:04.615589,Ciência de Dados,ACTIVE,0.9,51,0
12b35cd5-251a-4747-a48b-43b542e0e994,2026-01-15T09:23:26.870767,Direito,GRADUATED,1.6,78,50
09cdcca5-994e-4caa-8b82-e9d8d2065dd4,2026-01-03T18:42:42.544570,Ciência de Dados,GRADUATED,4.3,97,100
d45aa8b4-dbe3-4023-9b18-ed9c372c3e9d,2026-02-18T22:23:50.645745,Direito,GRADUATED,3.5,100,25
179af432-79a2-4b5b-95cd-8975b33c552b,2026-01-12T05:27:28.720641,Engenharia de Software,SUSPENDED,10.0,88,50
c27df46b-beac-4b59-9b4f-8453ae2e638c,2026-03-02T13:47:41.828209,Engenharia de Software,SUSPENDED,2.4,65,100
c8c2b7b4-3ffd-437e-807e-a698c9808c74,2026-01-03T17:34:46.912657,Direito,DROPPED,2.2,80,0
143623e9-e06b-4f5f-ab2f-c67fa1f0e4bd,2026-03-13T09:08:49.025656,Engenharia de Software,ACTIVE,9.0,72,0
57c9c1fe-59d6-4f24-9a9e-1f9a953e7172,2026-02-18T23:31:37.395126,Direito,ACTIVE,4.3,79,50
72a0317c-2c9a-45d0-b713-54e2cbc36fea,2026-01-23T10:33:58.285495,Direito,ACTIVE,0.0,95,50
53e73249-1f11-42dc-8c96-adfe95f690c8,2026-03-12T12:57:49.762987,Administração,SUSPENDED,7.5,59,50
86f2a386-840e-402d-971d-2a46dcd2b10c,2026-02-24T13:50:09.612113,Ciência de Dados,ACTIVE,8.3,89,25
636d3807-a5d3-4ee3-be80-9f3460a6d1df,2026-03-14T21:42:11.197610,Engenharia de Software,SUSPENDED,6.5,94,0
edda585d-1703-4d38-ae67-4d7fb93d1b6f,2026-02-15T20:28:15.666265,Ciência de Dados,SUSPENDED,1.6,74,0
064737ed-2a97-472f-b645-6de07ee83891,2026-02-19T02:43:22.894894,Engenharia de Software,SUSPENDED,8.9,97,100
baca3fa2-2d7f-41bd-89d4-dfb9a71a602a,2026-03-28T04:53:29.822311,Direito,DROPPED,0.1,98,25
4d684cb5-a3c9-4701-ab1e-3b4491ef92a0,2026-02-13T22:14:19.804622,Administração,SUSPENDED,3.9,84,0
e050d3f6-f8fb-4e8d-8a15-59d3e4ef10a2,2026-02-18T05:58:43.316561,Ciência de Dados,ACTIVE,3.4,87,25
d1292b38-b5c9-44df-abde-3ce587a4981e,2026-03-24T06:06:09.246394,Administração,SUSPENDED,6.3,53,100
b66051bc-67f2-4c2f-b240-95300b004959,2026-03-02T03:47:12.039305,Ciência de Dados,ACTIVE,9.0,53,0
b4eddd5d-c485-4c3f-a43a-722c15a4a9dd,2026-03-19T20:58:06.358901,Direito,ACTIVE,9.7,87,50
7d9c8c95-711f-4267-b651-529bf3c5955b,2026-03-27T02:07:41.460846,Direito,SUSPENDED,8.2,70,100
e36f7137-0ce8-4296-a98c-091693a8f14a,2026-01-24T19:48:00.396986,Administração,SUSPENDED,6.1,92,0
c1ebeb27-e795-4bf3-a598-6f81224a0ebd,2026-01-13T18:53:23.841228,Administração,SUSPENDED,6.3,87,100
39caa000-3707-4b47-af63-c6704deb3dc9,2026-02-04T02:13:07.986419,Administração,SUSPENDED,3.5,80,100
c630170d-932a-47eb-be9c-7bf49b4981a3,2026-02-04T06:45:18.753519,Administração,ACTIVE,2.3,55,25
432da24c-6285-4bee-a858-eca321966bb8,2026-01-20T08:46:32.510101,Direito,ACTIVE,1.2,53,25
1f9d66bc-4c75-470f-bd80-381355c28694,2026-01-05T04:56:53.105948,Administração,ACTIVE,0.8,69,100
43496a92-3c32-4f76-91d5-b93746cbe0a1,2026-02-04T21:26:20.906720,Engenharia de Software,GRADUATED,1.5,54,25
0de83c52-c185-4886-9e53-753589fbec1e,2026-03-22T13:50:00.279610,Ciência de Dados,GRADUATED,7.0,67,0
aecf93f8-4496-4d7d-85e5-98f5fbcaaf32,2026-03-08T18:51:41.129532,Direito,SUSPENDED,1.5,71,100
e61a37d0-eef7-4245-8f75-b98b0a88f47e,2026-02-23T12:12:25.168519,Direito,ACTIVE,0.3,90,50
4e8c3eaa-3266-40fc-99cc-297e0c67121d,2026-03-13T18:00:47.616119,Engenharia de Software,DROPPED,8.8,66,50
f9a0e6ab-3048-4582-8aa0-e0a6a25a955d,2026-03-24T23:55:25.351199,Ciência de Dados,ACTIVE,6.9,97,25
5bc4d7da-2b20-468c-86c2-3fb478bc0606,2026-01-29T09:28:51.267541,Direito,ACTIVE,1.4,88,100
7797e4d6-5edf-4dab-92c3-01fd9e09e373,2026-01-29T00:34:57.601832,Direito,SUSPENDED,0.7,99,100
cad74107-378c-45f5-98df-d2ea821c85a9,2026-01-28T22:08:48.804962,Ciência de Dados,GRADUATED,7.9,57,50
c954348b-c8dd-486a-a691-4127c959b091,2026-03-02T19:38:08.203296,Ciência de Dados,GRADUATED,7.3,76,0
9f6088cb-10c0-4ae7-a795-dbe2c40dea12,2026-01-29T17:06:40.038958,Engenharia de Software,DROPPED,1.4,51,100
7aa105da-e6af-4a4b-abaf-e2145c2b3176,2026-03-16T19:46:43.708746,Engenharia de Software,ACTIVE,0.8,94,25
55ce0d1d-d281-47c0-b7b5-0497203a904f,2026-01-17T06:15:21.607121,Engenharia de Software,ACTIVE,8.0,95,25
c0cb5911-2e5d-40a5-89cd-3aa3311de1af,2026-03-03T10:36:39.697269,Direito,GRADUATED,5.3,66,25
7be14441-99e0-4069-8710-c20b184174b0,2026-01-23T06:12:08.165173,Administração,GRADUATED,4.8,82,50
db9c5943-bd04-48a7-b90d-4aeb8dee2ef8,2026-03-20T16:01:44.829272,Direito,ACTIVE,2.2,72,0
1a34044a-226e-44a0-b385-f1f54ea5ea33,2026-01-10T03:28:14.599552,Direito,SUSPENDED,1.9,90,50
7fe0de16-0008-40c7-95ed-d7328093c386,2026-02-15T09:15:50.265595,Direito,ACTIVE,1.8,55,50
6083e31a-b004-4eb7-9ab6-8177e4946d7a,2026-03-24T03:24:03.706345,Administração,DROPPED,3.1,65,0
6788a2c5-d9ac-4d0a-94a6-a333419bfb12,2026-03-01T07:44:56.450340,Engenharia de Software,GRADUATED,4.6,88,0
30c19730-7c9d-4ebd-b352-05b6d4548b3f,2026-02-03T16:34:47.686192,Engenharia de Software,SUSPENDED,5.5,68,25
5e44debd-b4f7-4812-926c-13cef70f9d51,2026-02-11T00:19:26.140863,Administração,SUSPENDED,3.4,78,100
20d52a8f-4c0c-4eaa-aeed-bea7f85822c0,2026-01-28T22:09:00.045337,Engenharia de Software,GRADUATED,8.1,58,0
b500b513-883c-4bdc-8d43-16c92ca61936,2026-02-07T13:47:21.539722,Engenharia de Software,SUSPENDED,7.8,75,50
4fe3d42d-168e-4a89-9161-8086660ba47e,2026-03-09T12:13:58.244843,Direito,SUSPENDED,1.5,67,25
d3ba419a-3438-42d0-887e-34d6dca82374,2026-03-27T16:05:54.823929,Engenharia de Software,SUSPENDED,1.7,85,100
22876442-9fec-4e39-ac99-69fcba1d2581,2026-01-18T09:42:34.758800,Ciência de Dados,SUSPENDED,5.1,99,0
ca9cc091-9d79-4b77-8de6-b46a291ede57,2026-03-09T21:51:18.726106,Direito,ACTIVE,7.8,96,0
24564dbb-ecde-4568-b19c-300d8ab26385,2026-01-24T05:26:50.713129,Administração,SUSPENDED,1.5,55,0
7c46f850-2c52-4c2b-8792-7e680519275e,2026-01-14T18:49:59.286926,Direito,SUSPENDED,8.1,52,0
ee28dbc7-2339-43f6-bc8b-3d4f432b7b1c,2026-02-13T05:23:58.666743,Ciência de Dados,SUSPENDED,2.5,74,100
9dcbb496-01a3-4793-965b-c0340bf608cb,2026-03-04T11:51:10.226024,Ciência de Dados,SUSPENDED,5.8,52,50
f7313cd0-0b4a-43ec-8341-0ab5b8dcc7b7,2026-03-09T12:32:55.401185,Direito,ACTIVE,8.3,51,50
11e93207-200e-4032-8299-161755f25dc8,2026-03-11T05:45:31.103837,Ciência de Dados,DROPPED,2.7,67,50
08482cae-d4c4-4c00-9969-9a3d51cfb330,2026-02-28T10:16:53.545213,Direito,ACTIVE,6.8,83,25
9a4f35be-f2b0-428c-ac55-5cd0d2b0d819,2026-03-20T06:38:32.937414,Ciência de Dados,SUSPENDED,4.2,71,25
6ce3320d-6e2b-4dbb-bde9-46ef1e12b84e,2026-01-17T20:51:26.636681,Direito,GRADUATED,4.1,65,50
8f5bbbf7-94cb-4726-a369-5e3b0c945d5a,2026-03-30T11:06:18.763559,Ciência de Dados,ACTIVE,10.0,72,0
7937c5e6-7d7f-4e76-8163-1571fa046fd8,2026-01-15T23:05:28.703927,Administração,ACTIVE,8.7,77,0
019ff38c-89ca-4df5-9923-9f84f060fcdd,2026-01-17T06:52:11.203168,Engenharia de Software,ACTIVE,8.1,83,25
42c1f856-da19-445a-a21f-3c01b744d8a4,2026-02-20T00:39:54.868505,Ciência de Dados,DROPPED,0.4,59,25
eedd97de-5b2d-412f-86d5-d23d66a32625,2026-01-31T09:05:46.790848,Engenharia de Software,GRADUATED,0.8,71,25
f1b92bd0-0d51-47b1-b1df-29763e54a9d3,2026-02-20T21:25:19.297446,Ciência de Dados,ACTIVE,2.1,59,100
5a797f41-dcbc-4bb7-9054-d5ce2188b33b,2026-03-28T09:01:24.091187,Direito,DROPPED,1.7,100,25
